/*
Navicat MySQL Data Transfer

Source Server         : redis.qy
Source Server Version : 100131
Source Host           : 172.18.1.208:3306
Source Database       : yunwei

Target Server Type    : MYSQL
Target Server Version : 100131
File Encoding         : 65001

Date: 2023-12-27 14:03:16
*/

SET FOREIGN_KEY_CHECKS=0;

-- ----------------------------
-- Table structure for port_list
-- ----------------------------
DROP TABLE IF EXISTS `port_list`;
CREATE TABLE `port_list` (
  `ip` varchar(255) NOT NULL,
  `port` varchar(10) NOT NULL,
  `service` varchar(255) DEFAULT NULL,
  `remark` varchar(255) DEFAULT NULL,
  `stop` int(1) unsigned zerofill NOT NULL
) ENGINE=InnoDB DEFAULT CHARSET=utf8 COMMENT='所有ip的端口列表，用于扫描监视';

-- ----------------------------
-- Records of port_list
-- ----------------------------
INSERT INTO `port_list` VALUES ('172.18.1.65', '22', 'ssh', null, '0');
INSERT INTO `port_list` VALUES ('172.18.1.65', '1556', 'veritas_pbx', null, '0');
INSERT INTO `port_list` VALUES ('172.18.1.65', '8801', 'unknown', null, '0');
INSERT INTO `port_list` VALUES ('172.18.1.65', '13724', 'vnetd', null, '0');
INSERT INTO `port_list` VALUES ('172.18.1.65', '13782', 'netbackup', null, '0');
INSERT INTO `port_list` VALUES ('172.18.1.78', '22', 'ssh', null, '0');
INSERT INTO `port_list` VALUES ('172.18.1.78', '1521', 'oracle', null, '0');
INSERT INTO `port_list` VALUES ('172.18.1.78', '1556', 'veritas_pbx', null, '0');
INSERT INTO `port_list` VALUES ('172.18.1.78', '13724', 'vnetd', null, '0');
INSERT INTO `port_list` VALUES ('172.18.1.78', '13782', 'netbackup', null, '0');
INSERT INTO `port_list` VALUES ('172.18.1.68', '22', 'ssh', null, '0');
INSERT INTO `port_list` VALUES ('172.18.1.68', '1521', 'oracle', null, '0');
INSERT INTO `port_list` VALUES ('172.18.1.68', '1556', 'veritas_pbx', null, '0');
INSERT INTO `port_list` VALUES ('172.18.1.68', '13724', 'vnetd', null, '0');
INSERT INTO `port_list` VALUES ('172.18.1.68', '13782', 'netbackup', null, '0');
INSERT INTO `port_list` VALUES ('172.18.1.64', '22', 'ssh', null, '0');
INSERT INTO `port_list` VALUES ('172.18.1.64', '8080', 'http-proxy', null, '0');
INSERT INTO `port_list` VALUES ('172.18.1.61', '22', 'ssh', null, '0');
INSERT INTO `port_list` VALUES ('172.18.1.61', '1521', 'oracle', null, '0');
INSERT INTO `port_list` VALUES ('172.18.1.61', '1556', 'veritas_pbx', null, '0');
INSERT INTO `port_list` VALUES ('172.18.1.61', '13724', 'vnetd', null, '0');
INSERT INTO `port_list` VALUES ('172.18.1.61', '13782', 'netbackup', null, '0');
INSERT INTO `port_list` VALUES ('172.18.1.23', '22', 'ssh', null, '0');
INSERT INTO `port_list` VALUES ('172.18.1.23', '111', 'rpcbind', null, '0');
INSERT INTO `port_list` VALUES ('172.18.1.23', '1521', 'oracle', null, '0');
INSERT INTO `port_list` VALUES ('172.18.1.23', '1556', 'veritas_pbx', null, '0');
INSERT INTO `port_list` VALUES ('172.18.1.23', '9626', '', null, '0');
INSERT INTO `port_list` VALUES ('172.18.1.23', '13724', 'vnetd', null, '0');
INSERT INTO `port_list` VALUES ('172.18.1.23', '13782', 'netbackup', null, '0');
INSERT INTO `port_list` VALUES ('172.18.1.23', '18264', 'unknown', null, '0');
INSERT INTO `port_list` VALUES ('172.18.1.23', '31768', '', null, '0');
INSERT INTO `port_list` VALUES ('172.18.1.23', '60020', 'unknown', null, '0');
INSERT INTO `port_list` VALUES ('172.18.1.60', '22', 'ssh', null, '0');
INSERT INTO `port_list` VALUES ('172.18.1.60', '80', 'http', null, '0');
INSERT INTO `port_list` VALUES ('172.18.1.60', '111', 'rpcbind', null, '0');
INSERT INTO `port_list` VALUES ('172.18.1.60', '1556', 'veritas_pbx', null, '0');
INSERT INTO `port_list` VALUES ('172.18.1.60', '2809', 'corbaloc', null, '0');
INSERT INTO `port_list` VALUES ('172.18.1.60', '5550', 'sdadmind', null, '0');
INSERT INTO `port_list` VALUES ('172.18.1.60', '5763', '', null, '0');
INSERT INTO `port_list` VALUES ('172.18.1.60', '7060', '', null, '0');
INSERT INTO `port_list` VALUES ('172.18.1.60', '7062', '', null, '0');
INSERT INTO `port_list` VALUES ('172.18.1.60', '7272', 'watchme-7272', null, '0');
INSERT INTO `port_list` VALUES ('172.18.1.60', '7277', '', null, '0');
INSERT INTO `port_list` VALUES ('172.18.1.60', '7777', 'cbt', null, '0');
INSERT INTO `port_list` VALUES ('172.18.1.60', '8878', 'unknown', null, '0');
INSERT INTO `port_list` VALUES ('172.18.1.60', '8879', 'unknown', null, '0');
INSERT INTO `port_list` VALUES ('172.18.1.60', '8880', 'cddbp-alt', null, '0');
INSERT INTO `port_list` VALUES ('172.18.1.60', '8881', '', null, '0');
INSERT INTO `port_list` VALUES ('172.18.1.60', '8882', 'unknown', null, '0');
INSERT INTO `port_list` VALUES ('172.18.1.60', '8883', '', null, '0');
INSERT INTO `port_list` VALUES ('172.18.1.60', '8884', '', null, '0');
INSERT INTO `port_list` VALUES ('172.18.1.60', '8885', '', null, '0');
INSERT INTO `port_list` VALUES ('172.18.1.60', '8886', '', null, '0');
INSERT INTO `port_list` VALUES ('172.18.1.60', '9043', '', null, '0');
INSERT INTO `port_list` VALUES ('172.18.1.60', '9044', 'unknown', null, '0');
INSERT INTO `port_list` VALUES ('172.18.1.60', '9045', '', null, '0');
INSERT INTO `port_list` VALUES ('172.18.1.60', '9046', '', null, '0');
INSERT INTO `port_list` VALUES ('172.18.1.60', '9047', '', null, '0');
INSERT INTO `port_list` VALUES ('172.18.1.60', '9048', '', null, '0');
INSERT INTO `port_list` VALUES ('172.18.1.60', '9049', '', null, '0');
INSERT INTO `port_list` VALUES ('172.18.1.60', '9050', 'tor-socks', null, '0');
INSERT INTO `port_list` VALUES ('172.18.1.60', '9060', '', null, '0');
INSERT INTO `port_list` VALUES ('172.18.1.60', '9061', 'unknown', null, '0');
INSERT INTO `port_list` VALUES ('172.18.1.60', '9062', '', null, '0');
INSERT INTO `port_list` VALUES ('172.18.1.60', '9063', '', null, '0');
INSERT INTO `port_list` VALUES ('172.18.1.60', '9064', '', null, '0');
INSERT INTO `port_list` VALUES ('172.18.1.60', '9065', 'unknown', null, '0');
INSERT INTO `port_list` VALUES ('172.18.1.60', '9066', '', null, '0');
INSERT INTO `port_list` VALUES ('172.18.1.60', '9067', '', null, '0');
INSERT INTO `port_list` VALUES ('172.18.1.60', '9080', 'glrpc', null, '0');
INSERT INTO `port_list` VALUES ('172.18.1.60', '9081', 'unknown', null, '0');
INSERT INTO `port_list` VALUES ('172.18.1.60', '9082', '', null, '0');
INSERT INTO `port_list` VALUES ('172.18.1.60', '9083', '', null, '0');
INSERT INTO `port_list` VALUES ('172.18.1.60', '9084', 'aurora', null, '0');
INSERT INTO `port_list` VALUES ('172.18.1.60', '9085', '', null, '0');
INSERT INTO `port_list` VALUES ('172.18.1.60', '9086', '', null, '0');
INSERT INTO `port_list` VALUES ('172.18.1.60', '9100', 'jetdirect', null, '0');
INSERT INTO `port_list` VALUES ('172.18.1.60', '9101', 'jetdirect', null, '0');
INSERT INTO `port_list` VALUES ('172.18.1.60', '9102', 'jetdirect', null, '0');
INSERT INTO `port_list` VALUES ('172.18.1.60', '9103', 'jetdirect', null, '0');
INSERT INTO `port_list` VALUES ('172.18.1.60', '9104', 'jetdirect', null, '0');
INSERT INTO `port_list` VALUES ('172.18.1.60', '9105', 'jetdirect', null, '0');
INSERT INTO `port_list` VALUES ('172.18.1.60', '9106', 'jetdirect', null, '0');
INSERT INTO `port_list` VALUES ('172.18.1.60', '9107', 'jetdirect', null, '0');
INSERT INTO `port_list` VALUES ('172.18.1.60', '9352', '', null, '0');
INSERT INTO `port_list` VALUES ('172.18.1.60', '9353', '', null, '0');
INSERT INTO `port_list` VALUES ('172.18.1.60', '9354', '', null, '0');
INSERT INTO `port_list` VALUES ('172.18.1.60', '9355', '', null, '0');
INSERT INTO `port_list` VALUES ('172.18.1.60', '9356', '', null, '0');
INSERT INTO `port_list` VALUES ('172.18.1.60', '9357', '', null, '0');
INSERT INTO `port_list` VALUES ('172.18.1.60', '9358', '', null, '0');
INSERT INTO `port_list` VALUES ('172.18.1.60', '9359', '', null, '0');
INSERT INTO `port_list` VALUES ('172.18.1.60', '9360', '', null, '0');
INSERT INTO `port_list` VALUES ('172.18.1.60', '9420', '', null, '0');
INSERT INTO `port_list` VALUES ('172.18.1.60', '9443', 'tungsten-https', null, '0');
INSERT INTO `port_list` VALUES ('172.18.1.60', '9444', 'wso2esb-console', null, '0');
INSERT INTO `port_list` VALUES ('172.18.1.60', '9445', '', null, '0');
INSERT INTO `port_list` VALUES ('172.18.1.60', '9446', '', null, '0');
INSERT INTO `port_list` VALUES ('172.18.1.60', '9447', '', null, '0');
INSERT INTO `port_list` VALUES ('172.18.1.60', '9448', '', null, '0');
INSERT INTO `port_list` VALUES ('172.18.1.60', '9449', '', null, '0');
INSERT INTO `port_list` VALUES ('172.18.1.60', '9626', '', null, '0');
INSERT INTO `port_list` VALUES ('172.18.1.60', '9809', '', null, '0');
INSERT INTO `port_list` VALUES ('172.18.1.60', '9810', '', null, '0');
INSERT INTO `port_list` VALUES ('172.18.1.60', '9811', '', null, '0');
INSERT INTO `port_list` VALUES ('172.18.1.60', '9812', 'unknown', null, '0');
INSERT INTO `port_list` VALUES ('172.18.1.60', '9813', '', null, '0');
INSERT INTO `port_list` VALUES ('172.18.1.60', '9814', 'unknown', null, '0');
INSERT INTO `port_list` VALUES ('172.18.1.60', '9815', 'unknown', null, '0');
INSERT INTO `port_list` VALUES ('172.18.1.60', '9816', '', null, '0');
INSERT INTO `port_list` VALUES ('172.18.1.60', '9900', 'iua', null, '0');
INSERT INTO `port_list` VALUES ('172.18.1.60', '11006', '', null, '0');
INSERT INTO `port_list` VALUES ('172.18.1.60', '11007', 'unknown', null, '0');
INSERT INTO `port_list` VALUES ('172.18.1.60', '11010', '', null, '0');
INSERT INTO `port_list` VALUES ('172.18.1.60', '11012', '', null, '0');
INSERT INTO `port_list` VALUES ('172.18.1.60', '11014', '', null, '0');
INSERT INTO `port_list` VALUES ('172.18.1.60', '11016', '', null, '0');
INSERT INTO `port_list` VALUES ('172.18.1.60', '11018', '', null, '0');
INSERT INTO `port_list` VALUES ('172.18.1.60', '11020', '', null, '0');
INSERT INTO `port_list` VALUES ('172.18.1.60', '11022', '', null, '0');
INSERT INTO `port_list` VALUES ('172.18.1.60', '12341', '', null, '0');
INSERT INTO `port_list` VALUES ('172.18.1.60', '13724', 'vnetd', null, '0');
INSERT INTO `port_list` VALUES ('172.18.1.60', '13782', 'netbackup', null, '0');
INSERT INTO `port_list` VALUES ('172.18.1.60', '22277', '', null, '0');
INSERT INTO `port_list` VALUES ('172.18.1.60', '23635', '', null, '0');
INSERT INTO `port_list` VALUES ('172.18.1.60', '31768', '', null, '0');
INSERT INTO `port_list` VALUES ('172.18.1.60', '57631', '', null, '0');
INSERT INTO `port_list` VALUES ('172.18.1.60', '60020', 'unknown', null, '0');
INSERT INTO `port_list` VALUES ('172.18.1.72', '22', 'ssh', null, '0');
INSERT INTO `port_list` VALUES ('172.18.1.72', '1521', 'oracle', null, '0');
INSERT INTO `port_list` VALUES ('172.18.1.72', '1556', 'veritas_pbx', null, '0');
INSERT INTO `port_list` VALUES ('172.18.1.72', '13724', 'vnetd', null, '0');
INSERT INTO `port_list` VALUES ('172.18.1.72', '13782', 'netbackup', null, '0');
INSERT INTO `port_list` VALUES ('172.18.1.71', '22', 'ssh', null, '0');
INSERT INTO `port_list` VALUES ('172.18.1.71', '1556', 'veritas_pbx', null, '0');
INSERT INTO `port_list` VALUES ('172.18.1.71', '8800', 'sunwebadmin', null, '0');
INSERT INTO `port_list` VALUES ('172.18.1.71', '13724', 'vnetd', null, '0');
INSERT INTO `port_list` VALUES ('172.18.1.71', '13782', 'netbackup', null, '0');
INSERT INTO `port_list` VALUES ('172.18.1.76', '22', 'ssh', null, '0');
INSERT INTO `port_list` VALUES ('172.18.1.76', '8080', 'http-proxy', null, '0');
INSERT INTO `port_list` VALUES ('172.18.1.76', '12100', '', null, '0');
INSERT INTO `port_list` VALUES ('172.18.1.76', '31768', '', null, '0');
INSERT INTO `port_list` VALUES ('172.18.1.76', '35998', '', null, '0');
INSERT INTO `port_list` VALUES ('172.18.1.76', '38888', '', null, '0');
INSERT INTO `port_list` VALUES ('172.18.1.76', '46667', '', null, '0');
INSERT INTO `port_list` VALUES ('172.18.1.76', '60020', 'unknown', null, '0');
INSERT INTO `port_list` VALUES ('172.18.1.85', '135', 'msrpc', null, '0');
INSERT INTO `port_list` VALUES ('172.18.1.85', '139', 'netbios-ssn', null, '0');
INSERT INTO `port_list` VALUES ('172.18.1.85', '445', 'microsoft-ds', null, '0');
INSERT INTO `port_list` VALUES ('172.18.1.85', '1433', 'ms-sql-s', null, '0');
INSERT INTO `port_list` VALUES ('172.18.1.85', '3389', 'ms-wbt-server', null, '0');
INSERT INTO `port_list` VALUES ('172.18.1.85', '5985', 'wsman', null, '0');
INSERT INTO `port_list` VALUES ('172.18.1.85', '9052', '', null, '0');
INSERT INTO `port_list` VALUES ('172.18.1.85', '31768', '', null, '0');
INSERT INTO `port_list` VALUES ('172.18.1.85', '47001', '', null, '0');
INSERT INTO `port_list` VALUES ('172.18.1.85', '49664', '', null, '0');
INSERT INTO `port_list` VALUES ('172.18.1.85', '49665', '', null, '0');
INSERT INTO `port_list` VALUES ('172.18.1.85', '49666', '', null, '0');
INSERT INTO `port_list` VALUES ('172.18.1.85', '49667', '', null, '0');
INSERT INTO `port_list` VALUES ('172.18.1.85', '49668', '', null, '0');
INSERT INTO `port_list` VALUES ('172.18.1.85', '49669', '', null, '0');
INSERT INTO `port_list` VALUES ('172.18.1.85', '49788', '', null, '0');
INSERT INTO `port_list` VALUES ('172.18.1.85', '49841', '', null, '0');
INSERT INTO `port_list` VALUES ('172.18.1.85', '60020', 'unknown', null, '0');
INSERT INTO `port_list` VALUES ('172.18.1.84', '22', 'ssh', null, '0');
INSERT INTO `port_list` VALUES ('172.18.1.84', '1521', 'oracle', null, '0');
INSERT INTO `port_list` VALUES ('172.18.1.84', '1556', 'veritas_pbx', null, '0');
INSERT INTO `port_list` VALUES ('172.18.1.84', '13724', 'vnetd', null, '0');
INSERT INTO `port_list` VALUES ('172.18.1.84', '13782', 'netbackup', null, '0');
INSERT INTO `port_list` VALUES ('172.18.1.74', '22', 'ssh', null, '0');
INSERT INTO `port_list` VALUES ('172.18.1.74', '8086', 'd-s-n', null, '0');
INSERT INTO `port_list` VALUES ('172.18.1.74', '31768', '', null, '0');
INSERT INTO `port_list` VALUES ('172.18.1.74', '60020', 'unknown', null, '0');
INSERT INTO `port_list` VALUES ('172.18.1.80', '22', 'ssh', null, '0');
INSERT INTO `port_list` VALUES ('172.18.1.80', '111', 'rpcbind', null, '0');
INSERT INTO `port_list` VALUES ('172.18.1.80', '1521', 'oracle', null, '0');
INSERT INTO `port_list` VALUES ('172.18.1.80', '1556', 'veritas_pbx', null, '0');
INSERT INTO `port_list` VALUES ('172.18.1.80', '13724', 'vnetd', null, '0');
INSERT INTO `port_list` VALUES ('172.18.1.80', '13782', 'netbackup', null, '0');
INSERT INTO `port_list` VALUES ('172.18.1.80', '15232', '', null, '0');
INSERT INTO `port_list` VALUES ('172.18.1.80', '31768', '', null, '0');
INSERT INTO `port_list` VALUES ('172.18.1.80', '33949', '', null, '0');
INSERT INTO `port_list` VALUES ('172.18.1.80', '60020', 'unknown', null, '0');
INSERT INTO `port_list` VALUES ('172.18.1.82', '22', 'ssh', null, '0');
INSERT INTO `port_list` VALUES ('172.18.1.82', '80', 'http', null, '0');
INSERT INTO `port_list` VALUES ('172.18.1.82', '7001', 'afs3-callback', null, '0');
INSERT INTO `port_list` VALUES ('172.18.1.82', '7848', '', null, '0');
INSERT INTO `port_list` VALUES ('172.18.1.82', '8080', 'http-proxy', null, '0');
INSERT INTO `port_list` VALUES ('172.18.1.82', '8082', 'blackice-alerts', null, '0');
INSERT INTO `port_list` VALUES ('172.18.1.82', '8084', 'unknown', null, '0');
INSERT INTO `port_list` VALUES ('172.18.1.82', '8085', 'unknown', null, '0');
INSERT INTO `port_list` VALUES ('172.18.1.82', '8087', 'simplifymedia', null, '0');
INSERT INTO `port_list` VALUES ('172.18.1.82', '8089', 'unknown', null, '0');
INSERT INTO `port_list` VALUES ('172.18.1.82', '8091', '', null, '0');
INSERT INTO `port_list` VALUES ('172.18.1.82', '8092', 'unknown', null, '0');
INSERT INTO `port_list` VALUES ('172.18.1.82', '8848', '', null, '0');
INSERT INTO `port_list` VALUES ('172.18.1.82', '31768', '', null, '0');
INSERT INTO `port_list` VALUES ('172.18.1.82', '60020', 'unknown', null, '0');
INSERT INTO `port_list` VALUES ('172.18.1.83', '22', 'ssh', null, '0');
INSERT INTO `port_list` VALUES ('172.18.1.83', '80', 'http', null, '0');
INSERT INTO `port_list` VALUES ('172.18.1.83', '7001', 'afs3-callback', null, '0');
INSERT INTO `port_list` VALUES ('172.18.1.83', '7848', '', null, '0');
INSERT INTO `port_list` VALUES ('172.18.1.83', '8080', 'http-proxy', null, '0');
INSERT INTO `port_list` VALUES ('172.18.1.83', '8082', 'blackice-alerts', null, '0');
INSERT INTO `port_list` VALUES ('172.18.1.83', '8084', 'unknown', null, '0');
INSERT INTO `port_list` VALUES ('172.18.1.83', '8085', 'unknown', null, '0');
INSERT INTO `port_list` VALUES ('172.18.1.83', '8087', 'simplifymedia', null, '0');
INSERT INTO `port_list` VALUES ('172.18.1.83', '8089', 'unknown', null, '0');
INSERT INTO `port_list` VALUES ('172.18.1.83', '8091', '', null, '0');
INSERT INTO `port_list` VALUES ('172.18.1.83', '8092', 'unknown', null, '0');
INSERT INTO `port_list` VALUES ('172.18.1.83', '8848', '', null, '0');
INSERT INTO `port_list` VALUES ('172.18.1.83', '31768', '', null, '0');
INSERT INTO `port_list` VALUES ('172.18.1.83', '60020', 'unknown', null, '0');
INSERT INTO `port_list` VALUES ('172.18.1.6', '135', 'msrpc', null, '0');
INSERT INTO `port_list` VALUES ('172.18.1.6', '139', 'netbios-ssn', null, '0');
INSERT INTO `port_list` VALUES ('172.18.1.6', '445', 'microsoft-ds', null, '0');
INSERT INTO `port_list` VALUES ('172.18.1.6', '1433', 'ms-sql-s', null, '0');
INSERT INTO `port_list` VALUES ('172.18.1.6', '1556', 'veritas_pbx', null, '0');
INSERT INTO `port_list` VALUES ('172.18.1.6', '3389', 'ms-wbt-server', null, '0');
INSERT INTO `port_list` VALUES ('172.18.1.6', '5985', 'wsman', null, '0');
INSERT INTO `port_list` VALUES ('172.18.1.6', '9182', '', null, '0');
INSERT INTO `port_list` VALUES ('172.18.1.6', '10050', '', null, '1');
INSERT INTO `port_list` VALUES ('172.18.1.6', '13724', 'vnetd', null, '0');
INSERT INTO `port_list` VALUES ('172.18.1.6', '13782', 'netbackup', null, '0');
INSERT INTO `port_list` VALUES ('172.18.1.6', '26821', '', null, '0');
INSERT INTO `port_list` VALUES ('172.18.1.6', '26831', '', null, '0');
INSERT INTO `port_list` VALUES ('172.18.1.6', '26832', '', null, '0');
INSERT INTO `port_list` VALUES ('172.18.1.6', '26833', '', null, '0');
INSERT INTO `port_list` VALUES ('172.18.1.6', '26834', '', null, '0');
INSERT INTO `port_list` VALUES ('172.18.1.6', '26835', '', null, '0');
INSERT INTO `port_list` VALUES ('172.18.1.6', '26868', '', null, '0');
INSERT INTO `port_list` VALUES ('172.18.1.6', '26871', '', null, '0');
INSERT INTO `port_list` VALUES ('172.18.1.6', '26873', '', null, '0');
INSERT INTO `port_list` VALUES ('172.18.1.6', '26876', '', null, '0');
INSERT INTO `port_list` VALUES ('172.18.1.6', '31768', '', null, '0');
INSERT INTO `port_list` VALUES ('172.18.1.6', '47001', '', null, '0');
INSERT INTO `port_list` VALUES ('172.18.1.6', '49152', 'unknown', null, '0');
INSERT INTO `port_list` VALUES ('172.18.1.6', '49153', 'unknown', null, '0');
INSERT INTO `port_list` VALUES ('172.18.1.6', '49154', 'unknown', null, '0');
INSERT INTO `port_list` VALUES ('172.18.1.6', '49155', 'unknown', null, '0');
INSERT INTO `port_list` VALUES ('172.18.1.6', '49309', '', null, '0');
INSERT INTO `port_list` VALUES ('172.18.1.6', '49819', '', null, '0');
INSERT INTO `port_list` VALUES ('172.18.1.6', '49824', '', null, '0');
INSERT INTO `port_list` VALUES ('172.18.1.6', '60020', 'unknown', null, '0');
INSERT INTO `port_list` VALUES ('172.18.1.10', '90', 'dnsix', null, '0');
INSERT INTO `port_list` VALUES ('172.18.1.10', '135', 'msrpc', null, '0');
INSERT INTO `port_list` VALUES ('172.18.1.10', '139', 'netbios-ssn', null, '0');
INSERT INTO `port_list` VALUES ('172.18.1.10', '443', 'https', null, '0');
INSERT INTO `port_list` VALUES ('172.18.1.10', '445', 'microsoft-ds', null, '0');
INSERT INTO `port_list` VALUES ('172.18.1.10', '1025', 'NFS-or-IIS', null, '0');
INSERT INTO `port_list` VALUES ('172.18.1.10', '1026', 'LSA-or-nterm', null, '0');
INSERT INTO `port_list` VALUES ('172.18.1.10', '1027', 'IIS', null, '0');
INSERT INTO `port_list` VALUES ('172.18.1.10', '1028', 'unknown', null, '0');
INSERT INTO `port_list` VALUES ('172.18.1.10', '1126', 'hpvmmdata', null, '0');
INSERT INTO `port_list` VALUES ('172.18.1.10', '1573', '', null, '0');
INSERT INTO `port_list` VALUES ('172.18.1.10', '1575', '', null, '0');
INSERT INTO `port_list` VALUES ('172.18.1.10', '3389', 'ms-wbt-server', null, '0');
INSERT INTO `port_list` VALUES ('172.18.1.10', '4706', '', null, '0');
INSERT INTO `port_list` VALUES ('172.18.1.10', '4806', '', null, '0');
INSERT INTO `port_list` VALUES ('172.18.1.10', '5222', 'xmpp-client', null, '0');
INSERT INTO `port_list` VALUES ('172.18.1.10', '5223', 'hpvirtgrp', null, '0');
INSERT INTO `port_list` VALUES ('172.18.1.10', '5985', 'wsman', null, '0');
INSERT INTO `port_list` VALUES ('172.18.1.10', '6160', '', null, '0');
INSERT INTO `port_list` VALUES ('172.18.1.10', '6380', '', null, '0');
INSERT INTO `port_list` VALUES ('172.18.1.10', '7070', 'realserver', null, '0');
INSERT INTO `port_list` VALUES ('172.18.1.10', '7444', '', null, '0');
INSERT INTO `port_list` VALUES ('172.18.1.10', '8044', '', null, '0');
INSERT INTO `port_list` VALUES ('172.18.1.10', '8086', 'd-s-n', null, '0');
INSERT INTO `port_list` VALUES ('172.18.1.10', '8443', 'https-alt', null, '0');
INSERT INTO `port_list` VALUES ('172.18.1.10', '8444', '', null, '0');
INSERT INTO `port_list` VALUES ('172.18.1.10', '9081', 'unknown', null, '0');
INSERT INTO `port_list` VALUES ('172.18.1.10', '9089', '', null, '0');
INSERT INTO `port_list` VALUES ('172.18.1.10', '9090', 'zeus-admin', null, '0');
INSERT INTO `port_list` VALUES ('172.18.1.10', '9099', 'unknown', null, '0');
INSERT INTO `port_list` VALUES ('172.18.1.10', '9182', '', null, '0');
INSERT INTO `port_list` VALUES ('172.18.1.10', '9443', 'tungsten-https', null, '0');
INSERT INTO `port_list` VALUES ('172.18.1.10', '9999', 'abyss', null, '0');
INSERT INTO `port_list` VALUES ('172.18.1.10', '10050', '', null, '0');
INSERT INTO `port_list` VALUES ('172.18.1.10', '11731', '', null, '0');
INSERT INTO `port_list` VALUES ('172.18.1.10', '20387', '', null, '0');
INSERT INTO `port_list` VALUES ('172.18.1.10', '20390', '', null, '0');
INSERT INTO `port_list` VALUES ('172.18.1.10', '31768', '', null, '0');
INSERT INTO `port_list` VALUES ('172.18.1.10', '47001', '', null, '0');
INSERT INTO `port_list` VALUES ('172.18.1.10', '48060', '', null, '0');
INSERT INTO `port_list` VALUES ('172.18.1.10', '53923', '', null, '0');
INSERT INTO `port_list` VALUES ('172.18.1.10', '60020', 'unknown', null, '0');
INSERT INTO `port_list` VALUES ('192.168.10.214', '21', 'ftp', null, '0');
INSERT INTO `port_list` VALUES ('192.168.10.214', '80', 'http', null, '0');
INSERT INTO `port_list` VALUES ('192.168.10.214', '135', 'msrpc', null, '0');
INSERT INTO `port_list` VALUES ('192.168.10.214', '139', 'netbios-ssn', null, '0');
INSERT INTO `port_list` VALUES ('192.168.10.214', '445', 'microsoft-ds', null, '0');
INSERT INTO `port_list` VALUES ('192.168.10.214', '1025', 'NFS-or-IIS', null, '0');
INSERT INTO `port_list` VALUES ('192.168.10.214', '1026', 'LSA-or-nterm', null, '0');
INSERT INTO `port_list` VALUES ('192.168.10.214', '1027', 'IIS', null, '0');
INSERT INTO `port_list` VALUES ('192.168.10.214', '1028', 'unknown', null, '0');
INSERT INTO `port_list` VALUES ('192.168.10.214', '1029', 'ms-lsa', null, '0');
INSERT INTO `port_list` VALUES ('192.168.10.214', '1031', 'iad2', null, '0');
INSERT INTO `port_list` VALUES ('192.168.10.214', '1110', 'nfsd-status', null, '0');
INSERT INTO `port_list` VALUES ('192.168.10.214', '1115', '', null, '0');
INSERT INTO `port_list` VALUES ('192.168.10.214', '1127', 'supfiledbg', null, '0');
INSERT INTO `port_list` VALUES ('192.168.10.214', '1128', 'saphostctrl', null, '0');
INSERT INTO `port_list` VALUES ('192.168.10.214', '1243', 'serialgateway', null, '0');
INSERT INTO `port_list` VALUES ('192.168.10.214', '1556', 'veritas_pbx', null, '0');
INSERT INTO `port_list` VALUES ('192.168.10.214', '1801', 'msmq', null, '0');
INSERT INTO `port_list` VALUES ('192.168.10.214', '1983', '', null, '0');
INSERT INTO `port_list` VALUES ('192.168.10.214', '2103', 'zephyr-clt', null, '0');
INSERT INTO `port_list` VALUES ('192.168.10.214', '2105', 'eklogin', null, '0');
INSERT INTO `port_list` VALUES ('192.168.10.214', '2107', 'msmq-mgmt', null, '0');
INSERT INTO `port_list` VALUES ('192.168.10.214', '3389', 'ms-wbt-server', null, '0');
INSERT INTO `port_list` VALUES ('192.168.10.214', '5985', 'wsman', null, '0');
INSERT INTO `port_list` VALUES ('192.168.10.214', '6160', '', null, '0');
INSERT INTO `port_list` VALUES ('192.168.10.214', '6183', '', null, '0');
INSERT INTO `port_list` VALUES ('192.168.10.214', '6184', '', null, '0');
INSERT INTO `port_list` VALUES ('192.168.10.214', '6380', '', null, '0');
INSERT INTO `port_list` VALUES ('192.168.10.214', '8000', 'http-alt', null, '0');
INSERT INTO `port_list` VALUES ('192.168.10.214', '8080', 'http-proxy', null, '0');
INSERT INTO `port_list` VALUES ('192.168.10.214', '8087', 'simplifymedia', null, '0');
INSERT INTO `port_list` VALUES ('192.168.10.214', '8088', 'radan-http', null, '0');
INSERT INTO `port_list` VALUES ('192.168.10.214', '8097', 'sac', null, '0');
INSERT INTO `port_list` VALUES ('192.168.10.214', '9081', 'unknown', null, '0');
INSERT INTO `port_list` VALUES ('192.168.10.214', '9395', '', null, '0');
INSERT INTO `port_list` VALUES ('192.168.10.214', '11731', '', null, '0');
INSERT INTO `port_list` VALUES ('192.168.10.214', '13724', 'vnetd', null, '0');
INSERT INTO `port_list` VALUES ('192.168.10.214', '13782', 'netbackup', null, '0');
INSERT INTO `port_list` VALUES ('192.168.10.214', '31768', '', null, '0');
INSERT INTO `port_list` VALUES ('192.168.10.214', '47001', '', null, '0');
INSERT INTO `port_list` VALUES ('192.168.10.214', '57443', '', null, '0');
INSERT INTO `port_list` VALUES ('192.168.10.214', '64480', '', null, '0');
INSERT INTO `port_list` VALUES ('192.168.20.200', '80', 'http', null, '0');
INSERT INTO `port_list` VALUES ('192.168.20.200', '135', 'msrpc', null, '0');
INSERT INTO `port_list` VALUES ('192.168.20.200', '139', 'netbios-ssn', null, '0');
INSERT INTO `port_list` VALUES ('192.168.20.200', '445', 'microsoft-ds', null, '0');
INSERT INTO `port_list` VALUES ('192.168.20.200', '1433', 'ms-sql-s', null, '0');
INSERT INTO `port_list` VALUES ('192.168.20.200', '1556', 'veritas_pbx', null, '0');
INSERT INTO `port_list` VALUES ('192.168.20.200', '2121', 'ccproxy-ftp', null, '0');
INSERT INTO `port_list` VALUES ('192.168.20.200', '3389', 'ms-wbt-server', null, '0');
INSERT INTO `port_list` VALUES ('192.168.20.200', '5985', 'wsman', null, '0');
INSERT INTO `port_list` VALUES ('192.168.20.200', '6160', '', null, '0');
INSERT INTO `port_list` VALUES ('192.168.20.200', '6183', '', null, '0');
INSERT INTO `port_list` VALUES ('192.168.20.200', '6184', '', null, '0');
INSERT INTO `port_list` VALUES ('192.168.20.200', '9395', '', null, '0');
INSERT INTO `port_list` VALUES ('192.168.20.200', '11731', '', null, '0');
INSERT INTO `port_list` VALUES ('192.168.20.200', '13724', 'vnetd', null, '0');
INSERT INTO `port_list` VALUES ('192.168.20.200', '13782', 'netbackup', null, '0');
INSERT INTO `port_list` VALUES ('192.168.20.200', '47001', '', null, '0');
INSERT INTO `port_list` VALUES ('192.168.20.200', '49152', 'unknown', null, '0');
INSERT INTO `port_list` VALUES ('192.168.20.200', '49153', 'unknown', null, '0');
INSERT INTO `port_list` VALUES ('192.168.20.200', '49154', 'unknown', null, '0');
INSERT INTO `port_list` VALUES ('192.168.20.200', '49155', 'unknown', null, '0');
INSERT INTO `port_list` VALUES ('192.168.20.200', '49198', '', null, '0');
INSERT INTO `port_list` VALUES ('192.168.20.200', '49216', 'unknown', null, '0');
INSERT INTO `port_list` VALUES ('192.168.20.200', '49217', '', null, '0');
INSERT INTO `port_list` VALUES ('172.18.1.182', '443', 'https', null, '0');
INSERT INTO `port_list` VALUES ('172.18.1.182', '1947', 'sentinelsrm', null, '0');
INSERT INTO `port_list` VALUES ('172.18.1.182', '3389', 'ms-wbt-server', null, '0');
INSERT INTO `port_list` VALUES ('172.18.1.182', '9000', 'cslistener', null, '0');
INSERT INTO `port_list` VALUES ('172.18.1.182', '9010', 'sdr', null, '0');
INSERT INTO `port_list` VALUES ('172.18.1.182', '9070', '', null, '0');
INSERT INTO `port_list` VALUES ('172.18.1.182', '9090', 'zeus-admin', null, '0');
INSERT INTO `port_list` VALUES ('172.18.1.182', '19051', '', null, '0');
INSERT INTO `port_list` VALUES ('172.18.1.182', '19052', '', null, '0');
INSERT INTO `port_list` VALUES ('172.18.1.182', '19053', '', null, '0');
INSERT INTO `port_list` VALUES ('172.18.1.182', '19054', '', null, '0');
INSERT INTO `port_list` VALUES ('172.18.1.182', '19055', '', null, '0');
INSERT INTO `port_list` VALUES ('172.18.1.182', '50761', '', null, '0');
INSERT INTO `port_list` VALUES ('172.18.1.182', '50780', '', null, '0');
INSERT INTO `port_list` VALUES ('172.18.1.182', '51654', '', null, '0');
INSERT INTO `port_list` VALUES ('172.18.1.183', '80', 'http', null, '0');
INSERT INTO `port_list` VALUES ('172.18.1.183', '135', 'msrpc', null, '0');
INSERT INTO `port_list` VALUES ('172.18.1.183', '139', 'netbios-ssn', null, '0');
INSERT INTO `port_list` VALUES ('172.18.1.183', '445', 'microsoft-ds', null, '0');
INSERT INTO `port_list` VALUES ('172.18.1.183', '1433', 'ms-sql-s', null, '0');
INSERT INTO `port_list` VALUES ('172.18.1.183', '1556', 'veritas_pbx', null, '0');
INSERT INTO `port_list` VALUES ('172.18.1.183', '1947', 'sentinelsrm', null, '0');
INSERT INTO `port_list` VALUES ('172.18.1.183', '3389', 'ms-wbt-server', null, '0');
INSERT INTO `port_list` VALUES ('172.18.1.183', '5985', 'wsman', null, '0');
INSERT INTO `port_list` VALUES ('172.18.1.183', '6000', 'X11', null, '0');
INSERT INTO `port_list` VALUES ('172.18.1.183', '6003', 'X11:3', null, '0');
INSERT INTO `port_list` VALUES ('172.18.1.183', '6005', 'X11:5', null, '0');
INSERT INTO `port_list` VALUES ('172.18.1.183', '10039', '', null, '0');
INSERT INTO `port_list` VALUES ('172.18.1.183', '13724', 'vnetd', null, '0');
INSERT INTO `port_list` VALUES ('172.18.1.183', '13782', 'netbackup', null, '0');
INSERT INTO `port_list` VALUES ('172.18.1.183', '31768', '', null, '0');
INSERT INTO `port_list` VALUES ('172.18.1.183', '47001', '', null, '0');
INSERT INTO `port_list` VALUES ('172.18.1.183', '49664', '', null, '0');
INSERT INTO `port_list` VALUES ('172.18.1.183', '49665', '', null, '0');
INSERT INTO `port_list` VALUES ('172.18.1.183', '49667', '', null, '0');
INSERT INTO `port_list` VALUES ('172.18.1.183', '49669', '', null, '0');
INSERT INTO `port_list` VALUES ('172.18.1.183', '49671', '', null, '0');
INSERT INTO `port_list` VALUES ('172.18.1.183', '49682', '', null, '0');
INSERT INTO `port_list` VALUES ('172.18.1.183', '50179', '', null, '0');
INSERT INTO `port_list` VALUES ('172.18.1.183', '51654', '', null, '0');
INSERT INTO `port_list` VALUES ('172.18.1.183', '60020', 'unknown', null, '0');
INSERT INTO `port_list` VALUES ('172.18.1.147', '22', 'ssh', null, '0');
INSERT INTO `port_list` VALUES ('172.18.1.147', '1556', 'veritas_pbx', null, '0');
INSERT INTO `port_list` VALUES ('172.18.1.147', '1883', '', null, '0');
INSERT INTO `port_list` VALUES ('172.18.1.147', '3306', 'mysql', null, '0');
INSERT INTO `port_list` VALUES ('172.18.1.147', '5672', 'amqp', null, '0');
INSERT INTO `port_list` VALUES ('172.18.1.147', '8010', 'xmpp', null, '0');
INSERT INTO `port_list` VALUES ('172.18.1.147', '8020', '', null, '0');
INSERT INTO `port_list` VALUES ('172.18.1.147', '8030', '', null, '0');
INSERT INTO `port_list` VALUES ('172.18.1.147', '8035', '', null, '0');
INSERT INTO `port_list` VALUES ('172.18.1.147', '8086', 'd-s-n', null, '0');
INSERT INTO `port_list` VALUES ('172.18.1.147', '13000', '', null, '0');
INSERT INTO `port_list` VALUES ('172.18.1.147', '13724', 'vnetd', null, '0');
INSERT INTO `port_list` VALUES ('172.18.1.147', '13782', 'netbackup', null, '0');
INSERT INTO `port_list` VALUES ('172.18.1.147', '14000', 'scotty-ft', null, '0');
INSERT INTO `port_list` VALUES ('172.18.1.147', '18082', '', null, '0');
INSERT INTO `port_list` VALUES ('172.18.1.147', '31768', '', null, '0');
INSERT INTO `port_list` VALUES ('172.18.1.147', '33183', '', null, '0');
INSERT INTO `port_list` VALUES ('172.18.1.147', '60020', 'unknown', null, '0');
INSERT INTO `port_list` VALUES ('172.18.1.147', '61613', 'unknown', null, '0');
INSERT INTO `port_list` VALUES ('172.18.1.147', '61614', '', null, '0');
INSERT INTO `port_list` VALUES ('172.18.1.147', '61616', 'unknown', null, '0');
INSERT INTO `port_list` VALUES ('172.18.1.148', '22', 'ssh', null, '0');
INSERT INTO `port_list` VALUES ('172.18.1.148', '3306', 'mysql', null, '0');
INSERT INTO `port_list` VALUES ('172.18.1.148', '31768', '', null, '0');
INSERT INTO `port_list` VALUES ('172.18.1.148', '60020', 'unknown', null, '0');
INSERT INTO `port_list` VALUES ('172.18.1.142', '135', 'msrpc', null, '0');
INSERT INTO `port_list` VALUES ('172.18.1.142', '139', 'netbios-ssn', null, '0');
INSERT INTO `port_list` VALUES ('172.18.1.142', '445', 'microsoft-ds', null, '0');
INSERT INTO `port_list` VALUES ('172.18.1.142', '3389', 'ms-wbt-server', null, '0');
INSERT INTO `port_list` VALUES ('172.18.1.142', '5040', 'unknown', null, '0');
INSERT INTO `port_list` VALUES ('172.18.1.142', '7680', '', null, '0');
INSERT INTO `port_list` VALUES ('172.18.1.142', '49664', '', null, '0');
INSERT INTO `port_list` VALUES ('172.18.1.142', '49665', '', null, '0');
INSERT INTO `port_list` VALUES ('172.18.1.142', '49666', '', null, '0');
INSERT INTO `port_list` VALUES ('172.18.1.142', '49667', '', null, '0');
INSERT INTO `port_list` VALUES ('172.18.1.142', '49668', '', null, '0');
INSERT INTO `port_list` VALUES ('172.18.1.142', '49669', '', null, '0');
INSERT INTO `port_list` VALUES ('172.18.1.142', '49671', '', null, '0');
INSERT INTO `port_list` VALUES ('172.18.1.142', '49672', '', null, '0');
INSERT INTO `port_list` VALUES ('172.18.1.143', '135', 'msrpc', null, '0');
INSERT INTO `port_list` VALUES ('172.18.1.143', '139', 'netbios-ssn', null, '0');
INSERT INTO `port_list` VALUES ('172.18.1.143', '445', 'microsoft-ds', null, '0');
INSERT INTO `port_list` VALUES ('172.18.1.143', '3389', 'ms-wbt-server', null, '0');
INSERT INTO `port_list` VALUES ('172.18.1.143', '3808', 'sun-as-iiops-ca', null, '0');
INSERT INTO `port_list` VALUES ('172.18.1.143', '4808', '', null, '0');
INSERT INTO `port_list` VALUES ('172.18.1.143', '5808', 'unknown', null, '0');
INSERT INTO `port_list` VALUES ('172.18.1.143', '49152', 'unknown', null, '0');
INSERT INTO `port_list` VALUES ('172.18.1.143', '49153', 'unknown', null, '0');
INSERT INTO `port_list` VALUES ('172.18.1.143', '49154', 'unknown', null, '0');
INSERT INTO `port_list` VALUES ('172.18.1.143', '49155', 'unknown', null, '0');
INSERT INTO `port_list` VALUES ('172.18.1.143', '49156', 'unknown', null, '0');
INSERT INTO `port_list` VALUES ('172.18.1.143', '49158', 'unknown', null, '0');
INSERT INTO `port_list` VALUES ('172.18.1.137', '22', 'ssh', null, '0');
INSERT INTO `port_list` VALUES ('172.18.1.137', '111', 'rpcbind', null, '0');
INSERT INTO `port_list` VALUES ('172.18.1.137', '6379', '', null, '0');
INSERT INTO `port_list` VALUES ('172.18.1.137', '8081', 'blackice-icecap', null, '0');
INSERT INTO `port_list` VALUES ('172.18.1.137', '22122', '', null, '0');
INSERT INTO `port_list` VALUES ('172.18.1.137', '23001', '', null, '0');
INSERT INTO `port_list` VALUES ('172.18.1.137', '31768', '', null, '0');
INSERT INTO `port_list` VALUES ('172.18.1.137', '60020', 'unknown', null, '0');
INSERT INTO `port_list` VALUES ('172.18.1.139', '22', 'ssh', null, '0');
INSERT INTO `port_list` VALUES ('172.18.1.139', '111', 'rpcbind', null, '0');
INSERT INTO `port_list` VALUES ('172.18.1.139', '2181', '', null, '0');
INSERT INTO `port_list` VALUES ('172.18.1.139', '3888', 'ciphire-serv', null, '0');
INSERT INTO `port_list` VALUES ('172.18.1.139', '8081', 'blackice-icecap', null, '0');
INSERT INTO `port_list` VALUES ('172.18.1.139', '8983', '', null, '0');
INSERT INTO `port_list` VALUES ('172.18.1.139', '9092', '', null, '0');
INSERT INTO `port_list` VALUES ('172.18.1.139', '16000', 'fmsas', null, '0');
INSERT INTO `port_list` VALUES ('172.18.1.139', '16010', '', null, '0');
INSERT INTO `port_list` VALUES ('172.18.1.139', '31768', '', null, '0');
INSERT INTO `port_list` VALUES ('172.18.1.139', '32804', '', null, '0');
INSERT INTO `port_list` VALUES ('172.18.1.139', '36433', '', null, '0');
INSERT INTO `port_list` VALUES ('172.18.1.139', '44262', '', null, '0');
INSERT INTO `port_list` VALUES ('172.18.1.139', '60020', 'unknown', null, '0');
INSERT INTO `port_list` VALUES ('172.18.1.136', '22', 'ssh', null, '0');
INSERT INTO `port_list` VALUES ('172.18.1.136', '111', 'rpcbind', null, '0');
INSERT INTO `port_list` VALUES ('172.18.1.136', '2181', '', null, '0');
INSERT INTO `port_list` VALUES ('172.18.1.136', '2888', 'spcsdlobby', null, '0');
INSERT INTO `port_list` VALUES ('172.18.1.136', '3888', 'ciphire-serv', null, '0');
INSERT INTO `port_list` VALUES ('172.18.1.136', '8081', 'blackice-icecap', null, '0');
INSERT INTO `port_list` VALUES ('172.18.1.136', '8086', 'd-s-n', null, '0');
INSERT INTO `port_list` VALUES ('172.18.1.136', '8983', '', null, '0');
INSERT INTO `port_list` VALUES ('172.18.1.136', '9092', '', null, '0');
INSERT INTO `port_list` VALUES ('172.18.1.136', '18085', '', null, '0');
INSERT INTO `port_list` VALUES ('172.18.1.136', '31768', '', null, '0');
INSERT INTO `port_list` VALUES ('172.18.1.136', '34822', '', null, '0');
INSERT INTO `port_list` VALUES ('172.18.1.136', '45884', '', null, '0');
INSERT INTO `port_list` VALUES ('172.18.1.136', '46592', '', null, '0');
INSERT INTO `port_list` VALUES ('172.18.1.136', '60020', 'unknown', null, '0');
INSERT INTO `port_list` VALUES ('172.18.1.132', '21', 'ftp', null, '0');
INSERT INTO `port_list` VALUES ('172.18.1.132', '22', 'ssh', null, '0');
INSERT INTO `port_list` VALUES ('172.18.1.132', '111', 'rpcbind', null, '0');
INSERT INTO `port_list` VALUES ('172.18.1.132', '2181', '', null, '0');
INSERT INTO `port_list` VALUES ('172.18.1.132', '3888', 'ciphire-serv', null, '0');
INSERT INTO `port_list` VALUES ('172.18.1.132', '7077', '', null, '0');
INSERT INTO `port_list` VALUES ('172.18.1.132', '8080', 'http-proxy', null, '0');
INSERT INTO `port_list` VALUES ('172.18.1.132', '8081', 'blackice-icecap', null, '0');
INSERT INTO `port_list` VALUES ('172.18.1.132', '8983', '', null, '0');
INSERT INTO `port_list` VALUES ('172.18.1.132', '9092', '', null, '0');
INSERT INTO `port_list` VALUES ('172.18.1.132', '16000', 'fmsas', null, '0');
INSERT INTO `port_list` VALUES ('172.18.1.132', '16010', '', null, '0');
INSERT INTO `port_list` VALUES ('172.18.1.132', '16020', '', null, '0');
INSERT INTO `port_list` VALUES ('172.18.1.132', '16030', '', null, '0');
INSERT INTO `port_list` VALUES ('172.18.1.132', '31768', '', null, '0');
INSERT INTO `port_list` VALUES ('172.18.1.132', '36643', '', null, '0');
INSERT INTO `port_list` VALUES ('172.18.1.132', '38086', '', null, '0');
INSERT INTO `port_list` VALUES ('172.18.1.132', '38846', '', null, '0');
INSERT INTO `port_list` VALUES ('172.18.1.132', '43073', '', null, '0');
INSERT INTO `port_list` VALUES ('172.18.1.132', '48086', '', null, '0');
INSERT INTO `port_list` VALUES ('172.18.1.132', '60020', 'unknown', null, '0');
INSERT INTO `port_list` VALUES ('172.18.1.138', '22', 'ssh', null, '0');
INSERT INTO `port_list` VALUES ('172.18.1.138', '80', 'http', null, '0');
INSERT INTO `port_list` VALUES ('172.18.1.138', '111', 'rpcbind', null, '0');
INSERT INTO `port_list` VALUES ('172.18.1.138', '31768', '', null, '0');
INSERT INTO `port_list` VALUES ('172.18.1.138', '60020', 'unknown', null, '0');
INSERT INTO `port_list` VALUES ('172.18.1.133', '22', 'ssh', null, '0');
INSERT INTO `port_list` VALUES ('172.18.1.133', '111', 'rpcbind', null, '0');
INSERT INTO `port_list` VALUES ('172.18.1.133', '3306', 'mysql', null, '0');
INSERT INTO `port_list` VALUES ('172.18.1.133', '60020', 'unknown', null, '0');
INSERT INTO `port_list` VALUES ('172.18.1.140', '22', 'ssh', null, '0');
INSERT INTO `port_list` VALUES ('172.18.1.140', '111', 'rpcbind', null, '0');
INSERT INTO `port_list` VALUES ('172.18.1.140', '31768', '', null, '0');
INSERT INTO `port_list` VALUES ('172.18.1.140', '60020', 'unknown', null, '0');
INSERT INTO `port_list` VALUES ('172.18.1.141', '135', 'msrpc', null, '0');
INSERT INTO `port_list` VALUES ('172.18.1.141', '139', 'netbios-ssn', null, '0');
INSERT INTO `port_list` VALUES ('172.18.1.141', '445', 'microsoft-ds', null, '0');
INSERT INTO `port_list` VALUES ('172.18.1.141', '3389', 'ms-wbt-server', null, '0');
INSERT INTO `port_list` VALUES ('172.18.1.141', '8086', 'd-s-n', null, '0');
INSERT INTO `port_list` VALUES ('172.18.1.141', '15887', '', null, '1');
INSERT INTO `port_list` VALUES ('172.18.1.141', '18086', '', null, '0');
INSERT INTO `port_list` VALUES ('172.18.1.141', '28086', '', null, '0');
INSERT INTO `port_list` VALUES ('172.18.1.141', '31768', '', null, '0');
INSERT INTO `port_list` VALUES ('172.18.1.141', '48086', '', null, '0');
INSERT INTO `port_list` VALUES ('172.18.1.141', '49152', 'unknown', null, '0');
INSERT INTO `port_list` VALUES ('172.18.1.141', '49153', 'unknown', null, '0');
INSERT INTO `port_list` VALUES ('172.18.1.141', '49154', 'unknown', null, '0');
INSERT INTO `port_list` VALUES ('172.18.1.141', '49159', 'unknown', null, '0');
INSERT INTO `port_list` VALUES ('172.18.1.141', '49160', 'unknown', null, '0');
INSERT INTO `port_list` VALUES ('172.18.1.141', '49161', 'unknown', null, '0');
INSERT INTO `port_list` VALUES ('172.18.1.135', '22', 'ssh', null, '0');
INSERT INTO `port_list` VALUES ('172.18.1.135', '111', 'rpcbind', null, '0');
INSERT INTO `port_list` VALUES ('172.18.1.135', '8006', 'unknown', null, '0');
INSERT INTO `port_list` VALUES ('172.18.1.135', '8241', '', null, '0');
INSERT INTO `port_list` VALUES ('172.18.1.135', '8250', '', null, '0');
INSERT INTO `port_list` VALUES ('172.18.1.135', '8761', '', null, '0');
INSERT INTO `port_list` VALUES ('172.18.1.135', '9090', 'zeus-admin', null, '0');
INSERT INTO `port_list` VALUES ('172.18.1.135', '9092', '', null, '0');
INSERT INTO `port_list` VALUES ('172.18.1.135', '23333', '', null, '0');
INSERT INTO `port_list` VALUES ('172.18.1.135', '31768', '', null, '0');
INSERT INTO `port_list` VALUES ('172.18.1.135', '33333', '', null, '0');
INSERT INTO `port_list` VALUES ('172.18.1.135', '60020', 'unknown', null, '0');
INSERT INTO `port_list` VALUES ('172.18.1.134', '22', 'ssh', null, '0');
INSERT INTO `port_list` VALUES ('172.18.1.98', '135', 'msrpc', null, '0');
INSERT INTO `port_list` VALUES ('172.18.1.98', '139', 'netbios-ssn', null, '0');
INSERT INTO `port_list` VALUES ('172.18.1.98', '445', 'microsoft-ds', null, '0');
INSERT INTO `port_list` VALUES ('172.18.1.98', '1433', 'ms-sql-s', null, '0');
INSERT INTO `port_list` VALUES ('172.18.1.98', '3389', 'ms-wbt-server', null, '0');
INSERT INTO `port_list` VALUES ('172.18.1.98', '5985', 'wsman', null, '0');
INSERT INTO `port_list` VALUES ('172.18.1.98', '31768', '', null, '0');
INSERT INTO `port_list` VALUES ('172.18.1.98', '47001', '', null, '0');
INSERT INTO `port_list` VALUES ('172.18.1.98', '49664', '', null, '0');
INSERT INTO `port_list` VALUES ('172.18.1.98', '49665', '', null, '0');
INSERT INTO `port_list` VALUES ('172.18.1.98', '49666', '', null, '0');
INSERT INTO `port_list` VALUES ('172.18.1.98', '49667', '', null, '0');
INSERT INTO `port_list` VALUES ('172.18.1.98', '49674', '', null, '0');
INSERT INTO `port_list` VALUES ('172.18.1.98', '49759', '', null, '0');
INSERT INTO `port_list` VALUES ('172.18.1.98', '49857', '', null, '0');
INSERT INTO `port_list` VALUES ('172.18.1.98', '60020', 'unknown', null, '0');
INSERT INTO `port_list` VALUES ('172.18.1.99', '135', 'msrpc', null, '0');
INSERT INTO `port_list` VALUES ('172.18.1.99', '139', 'netbios-ssn', null, '0');
INSERT INTO `port_list` VALUES ('172.18.1.99', '445', 'microsoft-ds', null, '0');
INSERT INTO `port_list` VALUES ('172.18.1.99', '1433', 'ms-sql-s', null, '0');
INSERT INTO `port_list` VALUES ('172.18.1.99', '3389', 'ms-wbt-server', null, '0');
INSERT INTO `port_list` VALUES ('172.18.1.99', '5985', 'wsman', null, '0');
INSERT INTO `port_list` VALUES ('172.18.1.99', '9180', '', null, '0');
INSERT INTO `port_list` VALUES ('172.18.1.99', '31768', '', null, '0');
INSERT INTO `port_list` VALUES ('172.18.1.99', '47001', '', null, '0');
INSERT INTO `port_list` VALUES ('172.18.1.99', '49664', '', null, '0');
INSERT INTO `port_list` VALUES ('172.18.1.99', '49665', '', null, '0');
INSERT INTO `port_list` VALUES ('172.18.1.99', '49667', '', null, '0');
INSERT INTO `port_list` VALUES ('172.18.1.99', '49668', '', null, '0');
INSERT INTO `port_list` VALUES ('172.18.1.99', '49669', '', null, '0');
INSERT INTO `port_list` VALUES ('172.18.1.99', '49670', '', null, '0');
INSERT INTO `port_list` VALUES ('172.18.1.99', '49795', '', null, '0');
INSERT INTO `port_list` VALUES ('172.18.1.99', '60020', 'unknown', null, '0');
INSERT INTO `port_list` VALUES ('172.18.1.207', '22', 'ssh', null, '0');
INSERT INTO `port_list` VALUES ('172.18.1.207', '1556', 'veritas_pbx', null, '0');
INSERT INTO `port_list` VALUES ('172.18.1.207', '3306', 'mysql', null, '0');
INSERT INTO `port_list` VALUES ('172.18.1.207', '13724', 'vnetd', null, '0');
INSERT INTO `port_list` VALUES ('172.18.1.207', '13782', 'netbackup', null, '0');
INSERT INTO `port_list` VALUES ('172.18.1.212', '22', 'ssh', null, '0');
INSERT INTO `port_list` VALUES ('172.18.1.212', '8099', 'unknown', null, '0');
INSERT INTO `port_list` VALUES ('172.18.1.204', '22', 'ssh', null, '0');
INSERT INTO `port_list` VALUES ('172.18.1.208', '22', 'ssh', null, '1');
INSERT INTO `port_list` VALUES ('172.18.1.208', '80', 'http', null, '1');
INSERT INTO `port_list` VALUES ('172.18.1.208', '81', 'hosts2-ns', null, '1');
INSERT INTO `port_list` VALUES ('172.18.1.208', '111', 'rpcbind', null, '1');
INSERT INTO `port_list` VALUES ('172.18.1.208', '443', 'https', null, '1');
INSERT INTO `port_list` VALUES ('172.18.1.208', '3000', 'ppp', null, '1');
INSERT INTO `port_list` VALUES ('172.18.1.208', '3004', '', null, '1');
INSERT INTO `port_list` VALUES ('172.18.1.208', '3306', 'mysql', null, '1');
INSERT INTO `port_list` VALUES ('172.18.1.208', '8001', 'vcom-tunnel', null, '1');
INSERT INTO `port_list` VALUES ('172.18.1.208', '8002', 'teradataordbms', null, '1');
INSERT INTO `port_list` VALUES ('172.18.1.208', '8080', 'http-proxy', null, '1');
INSERT INTO `port_list` VALUES ('172.18.1.208', '8888', 'sun-answerbook', null, '1');
INSERT INTO `port_list` VALUES ('172.18.1.208', '9002', 'dynamid', null, '1');
INSERT INTO `port_list` VALUES ('172.18.1.208', '9993', '', null, '1');
INSERT INTO `port_list` VALUES ('172.18.1.208', '10000', 'snet-sensor-mgmt', null, '1');
INSERT INTO `port_list` VALUES ('172.18.1.208', '10010', 'rxapi', null, '1');
INSERT INTO `port_list` VALUES ('172.18.1.208', '28351', '', null, '1');
INSERT INTO `port_list` VALUES ('172.18.1.208', '29994', '', null, '1');
INSERT INTO `port_list` VALUES ('172.18.1.208', '31768', '', null, '1');
INSERT INTO `port_list` VALUES ('172.18.1.208', '60020', 'unknown', null, '1');
INSERT INTO `port_list` VALUES ('172.18.1.17', '22', 'ssh', null, '0');
INSERT INTO `port_list` VALUES ('172.18.1.17', '3306', 'mysql', null, '0');
INSERT INTO `port_list` VALUES ('172.18.1.17', '8099', 'unknown', null, '0');
INSERT INTO `port_list` VALUES ('172.18.1.17', '10050', '', null, '0');
INSERT INTO `port_list` VALUES ('172.18.1.203', '22', 'ssh', null, '0');
INSERT INTO `port_list` VALUES ('172.18.1.203', '8099', 'unknown', null, '0');
INSERT INTO `port_list` VALUES ('172.18.1.12', '22', 'ssh', null, '0');
INSERT INTO `port_list` VALUES ('172.18.1.12', '80', 'http', null, '0');
INSERT INTO `port_list` VALUES ('172.18.1.12', '1016', 'unknown', null, '0');
INSERT INTO `port_list` VALUES ('172.18.1.77', '22', 'ssh', null, '0');
INSERT INTO `port_list` VALUES ('172.18.1.77', '80', 'http', null, '0');
INSERT INTO `port_list` VALUES ('172.18.1.77', '3306', 'mysql', null, '0');
INSERT INTO `port_list` VALUES ('172.18.1.77', '6379', '', null, '0');
INSERT INTO `port_list` VALUES ('172.18.1.77', '8079', '', null, '0');
INSERT INTO `port_list` VALUES ('172.18.1.77', '8848', '', null, '0');
INSERT INTO `port_list` VALUES ('172.18.1.77', '9200', 'wap-wsp', null, '0');
INSERT INTO `port_list` VALUES ('172.18.1.152', '22', 'ssh', null, '0');
INSERT INTO `port_list` VALUES ('172.18.1.152', '3306', 'mysql', null, '0');
INSERT INTO `port_list` VALUES ('172.18.1.151', '22', 'ssh', null, '0');
INSERT INTO `port_list` VALUES ('172.18.1.151', '80', 'http', null, '0');
INSERT INTO `port_list` VALUES ('172.18.1.151', '8848', '', null, '0');
INSERT INTO `port_list` VALUES ('172.18.1.189', '22', 'ssh', null, '0');
INSERT INTO `port_list` VALUES ('172.18.1.189', '27017', '', null, '0');
INSERT INTO `port_list` VALUES ('172.18.1.187', '22', 'ssh', null, '0');
INSERT INTO `port_list` VALUES ('172.18.1.187', '80', 'http', null, '0');
INSERT INTO `port_list` VALUES ('172.18.1.187', '8080', 'http-proxy', null, '0');
INSERT INTO `port_list` VALUES ('172.18.1.187', '8090', 'unknown', null, '0');
INSERT INTO `port_list` VALUES ('172.18.1.187', '9100', 'jetdirect', null, '0');
INSERT INTO `port_list` VALUES ('172.18.1.187', '9525', '', null, '0');
INSERT INTO `port_list` VALUES ('172.18.1.196', '22', 'ssh', null, '0');
INSERT INTO `port_list` VALUES ('172.18.1.196', '3366', '', null, '0');
INSERT INTO `port_list` VALUES ('172.18.1.196', '13098', '', null, '0');
INSERT INTO `port_list` VALUES ('172.18.1.196', '13099', '', null, '0');
INSERT INTO `port_list` VALUES ('172.18.1.196', '13100', '', null, '0');
INSERT INTO `port_list` VALUES ('172.18.1.195', '22', 'ssh', null, '0');
INSERT INTO `port_list` VALUES ('172.18.1.195', '80', 'http', null, '0');
INSERT INTO `port_list` VALUES ('172.18.1.195', '3366', '', null, '0');
INSERT INTO `port_list` VALUES ('172.18.1.195', '6379', '', null, '0');
INSERT INTO `port_list` VALUES ('172.18.1.195', '6410', '', null, '0');
INSERT INTO `port_list` VALUES ('172.18.1.195', '6412', 'unknown', null, '0');
INSERT INTO `port_list` VALUES ('172.18.1.195', '7617', '', null, '0');
INSERT INTO `port_list` VALUES ('172.18.1.195', '9100', 'jetdirect', null, '0');
INSERT INTO `port_list` VALUES ('172.18.1.193', '22', 'ssh', null, '0');
INSERT INTO `port_list` VALUES ('172.18.1.193', '8088', 'radan-http', null, '0');
INSERT INTO `port_list` VALUES ('172.18.1.193', '8090', 'unknown', null, '0');
INSERT INTO `port_list` VALUES ('172.18.1.193', '9100', 'jetdirect', null, '0');
INSERT INTO `port_list` VALUES ('172.18.1.193', '9514', '', null, '0');
INSERT INTO `port_list` VALUES ('172.18.1.193', '9516', '', null, '0');
INSERT INTO `port_list` VALUES ('172.18.1.193', '9517', '', null, '0');
INSERT INTO `port_list` VALUES ('172.18.1.193', '9518', '', null, '0');
INSERT INTO `port_list` VALUES ('172.18.1.193', '9522', '', null, '0');
INSERT INTO `port_list` VALUES ('172.18.1.193', '9523', '', null, '0');
INSERT INTO `port_list` VALUES ('172.18.1.193', '9527', 'unknown', null, '0');
INSERT INTO `port_list` VALUES ('172.18.1.193', '9528', '', null, '0');
INSERT INTO `port_list` VALUES ('172.18.1.193', '9529', '', null, '0');
INSERT INTO `port_list` VALUES ('172.18.1.193', '9992', 'issc', null, '0');
INSERT INTO `port_list` VALUES ('172.18.1.193', '10018', 'unknown', null, '0');
INSERT INTO `port_list` VALUES ('172.18.1.193', '11010', '', null, '0');
INSERT INTO `port_list` VALUES ('172.18.1.193', '11013', '', null, '0');
INSERT INTO `port_list` VALUES ('172.18.1.193', '11016', '', null, '0');
INSERT INTO `port_list` VALUES ('172.18.1.193', '11020', '', null, '0');
INSERT INTO `port_list` VALUES ('172.18.1.192', '22', 'ssh', null, '0');
INSERT INTO `port_list` VALUES ('172.18.1.192', '8013', '', null, '0');
INSERT INTO `port_list` VALUES ('172.18.1.192', '8088', 'radan-http', null, '0');
INSERT INTO `port_list` VALUES ('172.18.1.192', '8090', 'unknown', null, '0');
INSERT INTO `port_list` VALUES ('172.18.1.192', '8881', '', null, '0');
INSERT INTO `port_list` VALUES ('172.18.1.192', '9100', 'jetdirect', null, '0');
INSERT INTO `port_list` VALUES ('172.18.1.192', '9523', '', null, '0');
INSERT INTO `port_list` VALUES ('172.18.1.192', '9526', '', null, '0');
INSERT INTO `port_list` VALUES ('172.18.1.192', '9528', '', null, '0');
INSERT INTO `port_list` VALUES ('172.18.1.192', '9530', '', null, '0');
INSERT INTO `port_list` VALUES ('172.18.1.192', '9531', '', null, '0');
INSERT INTO `port_list` VALUES ('172.18.1.192', '9532', '', null, '0');
INSERT INTO `port_list` VALUES ('172.18.1.192', '9533', '', null, '0');
INSERT INTO `port_list` VALUES ('172.18.1.192', '9535', 'man', null, '0');
INSERT INTO `port_list` VALUES ('172.18.1.192', '9536', '', null, '0');
INSERT INTO `port_list` VALUES ('172.18.1.192', '9538', '', null, '0');
INSERT INTO `port_list` VALUES ('172.18.1.192', '13098', '', null, '0');
INSERT INTO `port_list` VALUES ('172.18.1.191', '22', 'ssh', null, '0');
INSERT INTO `port_list` VALUES ('172.18.1.191', '4873', '', null, '0');
INSERT INTO `port_list` VALUES ('172.18.1.191', '8009', 'ajp13', null, '0');
INSERT INTO `port_list` VALUES ('172.18.1.191', '9100', 'jetdirect', null, '0');
INSERT INTO `port_list` VALUES ('172.18.1.191', '9514', '', null, '0');
INSERT INTO `port_list` VALUES ('172.18.1.191', '9516', '', null, '0');
INSERT INTO `port_list` VALUES ('172.18.1.191', '9517', '', null, '0');
INSERT INTO `port_list` VALUES ('172.18.1.191', '9518', '', null, '0');
INSERT INTO `port_list` VALUES ('172.18.1.191', '9519', '', null, '0');
INSERT INTO `port_list` VALUES ('172.18.1.191', '9521', '', null, '0');
INSERT INTO `port_list` VALUES ('172.18.1.191', '9522', '', null, '0');
INSERT INTO `port_list` VALUES ('172.18.1.191', '9523', '', null, '0');
INSERT INTO `port_list` VALUES ('172.18.1.191', '9527', 'unknown', null, '0');
INSERT INTO `port_list` VALUES ('172.18.1.191', '9528', '', null, '0');
INSERT INTO `port_list` VALUES ('172.18.1.191', '9529', '', null, '0');
INSERT INTO `port_list` VALUES ('172.18.1.191', '9992', 'issc', null, '0');
INSERT INTO `port_list` VALUES ('172.18.1.191', '11010', '', null, '0');
INSERT INTO `port_list` VALUES ('172.18.1.191', '11013', '', null, '0');
INSERT INTO `port_list` VALUES ('172.18.1.191', '11014', '', null, '0');
INSERT INTO `port_list` VALUES ('172.18.1.191', '11016', '', null, '0');
INSERT INTO `port_list` VALUES ('172.18.1.191', '11018', '', null, '0');
INSERT INTO `port_list` VALUES ('172.18.1.191', '11020', '', null, '0');
INSERT INTO `port_list` VALUES ('172.18.1.20', '80', 'http', null, '0');
INSERT INTO `port_list` VALUES ('172.18.1.20', '111', 'rpcbind', null, '0');
INSERT INTO `port_list` VALUES ('172.18.1.20', '601', 'syslog-conn', null, '0');
INSERT INTO `port_list` VALUES ('172.18.1.20', '628', 'qmqp', null, '0');
INSERT INTO `port_list` VALUES ('172.18.1.20', '895', 'unknown', null, '0');
INSERT INTO `port_list` VALUES ('172.18.1.20', '2049', 'nfs', null, '0');
INSERT INTO `port_list` VALUES ('172.18.1.20', '5932', '', null, '0');
INSERT INTO `port_list` VALUES ('172.18.1.20', '6000', 'X11', null, '0');
INSERT INTO `port_list` VALUES ('172.18.1.20', '6032', '', null, '0');
INSERT INTO `port_list` VALUES ('172.18.1.190', '22', 'ssh', null, '0');
INSERT INTO `port_list` VALUES ('172.18.1.190', '80', 'http', null, '0');
INSERT INTO `port_list` VALUES ('172.18.1.190', '443', 'https', null, '0');
INSERT INTO `port_list` VALUES ('172.18.1.190', '2379', '', null, '0');
INSERT INTO `port_list` VALUES ('172.18.1.190', '3000', 'ppp', null, '0');
INSERT INTO `port_list` VALUES ('172.18.1.190', '8066', '', null, '0');
INSERT INTO `port_list` VALUES ('172.18.1.190', '8090', 'unknown', null, '0');
INSERT INTO `port_list` VALUES ('172.18.1.190', '9000', 'cslistener', null, '0');
INSERT INTO `port_list` VALUES ('172.18.1.190', '9066', '', null, '0');
INSERT INTO `port_list` VALUES ('172.18.1.190', '9080', 'glrpc', null, '0');
INSERT INTO `port_list` VALUES ('172.18.1.190', '9081', 'unknown', null, '0');
INSERT INTO `port_list` VALUES ('172.18.1.190', '9082', '', null, '0');
INSERT INTO `port_list` VALUES ('172.18.1.190', '9090', 'zeus-admin', null, '0');
INSERT INTO `port_list` VALUES ('172.18.1.190', '9091', 'xmltec-xmlmail', null, '0');
INSERT INTO `port_list` VALUES ('172.18.1.190', '9092', '', null, '0');
INSERT INTO `port_list` VALUES ('172.18.1.190', '9100', 'jetdirect', null, '0');
INSERT INTO `port_list` VALUES ('172.18.1.190', '9180', '', null, '0');
INSERT INTO `port_list` VALUES ('172.18.1.190', '9443', 'tungsten-https', null, '0');
INSERT INTO `port_list` VALUES ('172.18.2.10', '22', 'ssh', null, '0');
INSERT INTO `port_list` VALUES ('172.18.2.10', '3306', 'mysql', null, '0');
INSERT INTO `port_list` VALUES ('172.18.2.10', '9100', 'jetdirect', null, '0');
INSERT INTO `port_list` VALUES ('172.18.2.10', '9104', 'jetdirect', null, '0');
INSERT INTO `port_list` VALUES ('172.18.2.11', '22', 'ssh', null, '0');
INSERT INTO `port_list` VALUES ('172.18.2.11', '3306', 'mysql', null, '0');
INSERT INTO `port_list` VALUES ('172.18.2.11', '9100', 'jetdirect', null, '0');
INSERT INTO `port_list` VALUES ('172.18.2.11', '9104', 'jetdirect', null, '0');
INSERT INTO `port_list` VALUES ('172.18.2.12', '22', 'ssh', null, '0');
INSERT INTO `port_list` VALUES ('172.18.2.12', '3306', 'mysql', null, '0');
INSERT INTO `port_list` VALUES ('172.18.2.12', '9100', 'jetdirect', null, '0');
INSERT INTO `port_list` VALUES ('172.18.2.12', '9104', 'jetdirect', null, '0');
INSERT INTO `port_list` VALUES ('172.18.2.13', '22', 'ssh', null, '0');
INSERT INTO `port_list` VALUES ('172.18.2.13', '6379', '', null, '0');
INSERT INTO `port_list` VALUES ('172.18.2.13', '9100', 'jetdirect', null, '0');
INSERT INTO `port_list` VALUES ('172.18.2.13', '9122', '', null, '0');
INSERT INTO `port_list` VALUES ('172.18.2.14', '22', 'ssh', null, '0');
INSERT INTO `port_list` VALUES ('172.18.2.14', '6379', '', null, '0');
INSERT INTO `port_list` VALUES ('172.18.2.14', '9100', 'jetdirect', null, '0');
INSERT INTO `port_list` VALUES ('172.18.2.14', '9122', '', null, '0');
INSERT INTO `port_list` VALUES ('172.18.2.15', '22', 'ssh', null, '0');
INSERT INTO `port_list` VALUES ('172.18.2.15', '8876', '', null, '0');
INSERT INTO `port_list` VALUES ('172.18.2.15', '9100', 'jetdirect', null, '0');
INSERT INTO `port_list` VALUES ('172.18.2.15', '9876', 'sd', null, '0');
INSERT INTO `port_list` VALUES ('172.18.2.15', '10911', '', null, '0');
INSERT INTO `port_list` VALUES ('172.18.2.16', '22', 'ssh', null, '0');
INSERT INTO `port_list` VALUES ('172.18.2.16', '9100', 'jetdirect', null, '0');
INSERT INTO `port_list` VALUES ('172.18.2.16', '9876', 'sd', null, '0');
INSERT INTO `port_list` VALUES ('172.18.2.16', '10909', '', null, '0');
INSERT INTO `port_list` VALUES ('172.18.2.16', '10911', '', null, '0');
INSERT INTO `port_list` VALUES ('172.18.2.17', '22', 'ssh', null, '0');
INSERT INTO `port_list` VALUES ('172.18.2.17', '8081', 'blackice-icecap', null, '0');
INSERT INTO `port_list` VALUES ('172.18.2.17', '8181', 'unknown', null, '0');
INSERT INTO `port_list` VALUES ('172.18.2.17', '9000', 'cslistener', null, '0');
INSERT INTO `port_list` VALUES ('172.18.2.17', '9100', 'jetdirect', null, '0');
INSERT INTO `port_list` VALUES ('172.18.2.17', '9111', 'DragonIDSConsole', null, '0');
INSERT INTO `port_list` VALUES ('172.18.2.17', '30099', '', null, '0');
INSERT INTO `port_list` VALUES ('172.18.2.18', '22', 'ssh', null, '0');
INSERT INTO `port_list` VALUES ('172.18.2.18', '8081', 'blackice-icecap', null, '0');
INSERT INTO `port_list` VALUES ('172.18.2.18', '8181', 'unknown', null, '0');
INSERT INTO `port_list` VALUES ('172.18.2.18', '9000', 'cslistener', null, '0');
INSERT INTO `port_list` VALUES ('172.18.2.18', '9100', 'jetdirect', null, '0');
INSERT INTO `port_list` VALUES ('172.18.2.18', '9111', 'DragonIDSConsole', null, '0');
INSERT INTO `port_list` VALUES ('172.18.2.18', '30099', '', null, '0');
INSERT INTO `port_list` VALUES ('172.18.2.19', '22', 'ssh', null, '0');
INSERT INTO `port_list` VALUES ('172.18.2.19', '8081', 'blackice-icecap', null, '0');
INSERT INTO `port_list` VALUES ('172.18.2.19', '8181', 'unknown', null, '0');
INSERT INTO `port_list` VALUES ('172.18.2.19', '9000', 'cslistener', null, '0');
INSERT INTO `port_list` VALUES ('172.18.2.19', '9100', 'jetdirect', null, '0');
INSERT INTO `port_list` VALUES ('172.18.2.19', '9111', 'DragonIDSConsole', null, '0');
INSERT INTO `port_list` VALUES ('172.18.2.19', '30099', '', null, '0');
INSERT INTO `port_list` VALUES ('172.18.2.20', '22', 'ssh', null, '0');
INSERT INTO `port_list` VALUES ('172.18.2.20', '9100', 'jetdirect', null, '0');
INSERT INTO `port_list` VALUES ('172.18.2.20', '30099', '', null, '0');
INSERT INTO `port_list` VALUES ('172.18.2.20', '31099', '', null, '0');
INSERT INTO `port_list` VALUES ('172.18.2.20', '31100', '', null, '0');
INSERT INTO `port_list` VALUES ('172.18.2.21', '22', 'ssh', null, '0');
INSERT INTO `port_list` VALUES ('172.18.2.21', '9100', 'jetdirect', null, '0');
INSERT INTO `port_list` VALUES ('172.18.2.21', '30099', '', null, '0');
INSERT INTO `port_list` VALUES ('172.18.2.21', '31099', '', null, '0');
INSERT INTO `port_list` VALUES ('172.18.2.21', '31100', '', null, '0');
INSERT INTO `port_list` VALUES ('172.18.2.22', '22', 'ssh', null, '0');
INSERT INTO `port_list` VALUES ('172.18.2.22', '9100', 'jetdirect', null, '0');
INSERT INTO `port_list` VALUES ('172.18.2.22', '30099', '', null, '0');
INSERT INTO `port_list` VALUES ('172.18.2.22', '31099', '', null, '0');
INSERT INTO `port_list` VALUES ('172.18.2.22', '31100', '', null, '0');
INSERT INTO `port_list` VALUES ('172.18.2.23', '22', 'ssh', null, '0');
INSERT INTO `port_list` VALUES ('172.18.2.23', '9100', 'jetdirect', null, '0');
INSERT INTO `port_list` VALUES ('172.18.2.23', '30095', '', null, '0');
INSERT INTO `port_list` VALUES ('172.18.2.23', '30099', '', null, '0');
INSERT INTO `port_list` VALUES ('172.18.2.23', '31095', '', null, '0');
INSERT INTO `port_list` VALUES ('172.18.2.24', '22', 'ssh', null, '0');
INSERT INTO `port_list` VALUES ('172.18.2.24', '9100', 'jetdirect', null, '0');
INSERT INTO `port_list` VALUES ('172.18.2.24', '30098', '', null, '0');
INSERT INTO `port_list` VALUES ('172.18.2.25', '22', 'ssh', null, '0');
INSERT INTO `port_list` VALUES ('172.18.2.25', '9000', 'cslistener', null, '0');
INSERT INTO `port_list` VALUES ('172.18.2.25', '9100', 'jetdirect', null, '0');
INSERT INTO `port_list` VALUES ('172.18.2.25', '9111', 'DragonIDSConsole', null, '0');
INSERT INTO `port_list` VALUES ('172.18.2.26', '22', 'ssh', null, '0');
INSERT INTO `port_list` VALUES ('172.18.2.26', '9000', 'cslistener', null, '0');
INSERT INTO `port_list` VALUES ('172.18.2.26', '9100', 'jetdirect', null, '0');
INSERT INTO `port_list` VALUES ('172.18.2.26', '9111', 'DragonIDSConsole', null, '0');
INSERT INTO `port_list` VALUES ('172.18.2.27', '22', 'ssh', null, '0');
INSERT INTO `port_list` VALUES ('172.18.2.27', '9100', 'jetdirect', null, '0');
INSERT INTO `port_list` VALUES ('172.18.2.27', '9999', 'abyss', null, '0');
INSERT INTO `port_list` VALUES ('172.18.2.27', '20880', '', null, '0');
INSERT INTO `port_list` VALUES ('172.18.2.27', '20881', '', null, '0');
INSERT INTO `port_list` VALUES ('172.18.2.27', '30000', 'unknown', null, '0');
INSERT INTO `port_list` VALUES ('172.18.2.27', '30001', 'pago-services1', null, '0');
INSERT INTO `port_list` VALUES ('172.18.2.27', '30002', '', null, '0');
INSERT INTO `port_list` VALUES ('172.18.2.27', '30003', '', null, '0');
INSERT INTO `port_list` VALUES ('172.18.2.27', '30004', '', null, '0');
INSERT INTO `port_list` VALUES ('172.18.2.27', '30005', 'unknown', null, '0');
INSERT INTO `port_list` VALUES ('172.18.2.27', '30006', '', null, '0');
INSERT INTO `port_list` VALUES ('172.18.2.27', '30007', '', null, '0');
INSERT INTO `port_list` VALUES ('172.18.2.27', '30008', '', null, '0');
INSERT INTO `port_list` VALUES ('172.18.2.27', '30009', '', null, '0');
INSERT INTO `port_list` VALUES ('172.18.2.27', '30010', '', null, '0');
INSERT INTO `port_list` VALUES ('172.18.2.27', '30011', '', null, '0');
INSERT INTO `port_list` VALUES ('172.18.2.27', '30012', '', null, '0');
INSERT INTO `port_list` VALUES ('172.18.2.27', '30013', '', null, '0');
INSERT INTO `port_list` VALUES ('172.18.2.27', '30019', '', null, '0');
INSERT INTO `port_list` VALUES ('172.18.2.27', '30020', '', null, '0');
INSERT INTO `port_list` VALUES ('172.18.2.28', '22', 'ssh', null, '0');
INSERT INTO `port_list` VALUES ('172.18.2.28', '9100', 'jetdirect', null, '0');
INSERT INTO `port_list` VALUES ('172.18.2.28', '20880', '', null, '0');
INSERT INTO `port_list` VALUES ('172.18.2.28', '30000', 'unknown', null, '0');
INSERT INTO `port_list` VALUES ('172.18.2.28', '30001', 'pago-services1', null, '0');
INSERT INTO `port_list` VALUES ('172.18.2.28', '30002', '', null, '0');
INSERT INTO `port_list` VALUES ('172.18.2.28', '30003', '', null, '0');
INSERT INTO `port_list` VALUES ('172.18.2.28', '30004', '', null, '0');
INSERT INTO `port_list` VALUES ('172.18.2.28', '30006', '', null, '0');
INSERT INTO `port_list` VALUES ('172.18.2.28', '30007', '', null, '0');
INSERT INTO `port_list` VALUES ('172.18.2.28', '30008', '', null, '0');
INSERT INTO `port_list` VALUES ('172.18.2.28', '30010', '', null, '0');
INSERT INTO `port_list` VALUES ('172.18.2.28', '30011', '', null, '0');
INSERT INTO `port_list` VALUES ('172.18.2.28', '30012', '', null, '0');
INSERT INTO `port_list` VALUES ('172.18.2.28', '30013', '', null, '0');
INSERT INTO `port_list` VALUES ('172.18.2.29', '22', 'ssh', null, '0');
INSERT INTO `port_list` VALUES ('172.18.2.29', '9100', 'jetdirect', null, '0');
INSERT INTO `port_list` VALUES ('172.18.2.29', '20880', '', null, '0');
INSERT INTO `port_list` VALUES ('172.18.2.29', '30000', 'unknown', null, '0');
INSERT INTO `port_list` VALUES ('172.18.2.29', '30001', 'pago-services1', null, '0');
INSERT INTO `port_list` VALUES ('172.18.2.29', '30002', '', null, '0');
INSERT INTO `port_list` VALUES ('172.18.2.29', '30003', '', null, '0');
INSERT INTO `port_list` VALUES ('172.18.2.29', '30004', '', null, '0');
INSERT INTO `port_list` VALUES ('172.18.2.29', '30006', '', null, '0');
INSERT INTO `port_list` VALUES ('172.18.2.29', '30007', '', null, '0');
INSERT INTO `port_list` VALUES ('172.18.2.29', '30008', '', null, '0');
INSERT INTO `port_list` VALUES ('172.18.2.29', '30010', '', null, '0');
INSERT INTO `port_list` VALUES ('172.18.2.29', '30011', '', null, '0');
INSERT INTO `port_list` VALUES ('172.18.2.29', '30012', '', null, '0');
INSERT INTO `port_list` VALUES ('172.18.2.29', '30013', '', null, '0');
INSERT INTO `port_list` VALUES ('172.18.2.30', '22', 'ssh', null, '0');
INSERT INTO `port_list` VALUES ('172.18.2.30', '9100', 'jetdirect', null, '0');
INSERT INTO `port_list` VALUES ('172.18.2.30', '10001', 'scp-config', null, '0');
INSERT INTO `port_list` VALUES ('172.18.2.30', '11001', 'metasys', null, '0');
INSERT INTO `port_list` VALUES ('172.18.2.30', '12001', 'entextnetwk', null, '0');
INSERT INTO `port_list` VALUES ('172.18.2.30', '13001', '', null, '0');
INSERT INTO `port_list` VALUES ('172.18.2.31', '22', 'ssh', null, '0');
INSERT INTO `port_list` VALUES ('172.18.2.31', '9100', 'jetdirect', null, '0');
INSERT INTO `port_list` VALUES ('172.18.2.31', '10001', 'scp-config', null, '0');
INSERT INTO `port_list` VALUES ('172.18.2.31', '11001', 'metasys', null, '0');
INSERT INTO `port_list` VALUES ('172.18.2.31', '12001', 'entextnetwk', null, '0');
INSERT INTO `port_list` VALUES ('172.18.2.31', '13001', '', null, '0');
INSERT INTO `port_list` VALUES ('172.18.2.32', '22', 'ssh', null, '0');
INSERT INTO `port_list` VALUES ('172.18.2.32', '3000', 'ppp', null, '0');
INSERT INTO `port_list` VALUES ('172.18.2.32', '5044', '', null, '0');
INSERT INTO `port_list` VALUES ('172.18.2.32', '5601', '', null, '0');
INSERT INTO `port_list` VALUES ('172.18.2.32', '8085', 'unknown', null, '0');
INSERT INTO `port_list` VALUES ('172.18.2.32', '9090', 'zeus-admin', null, '0');
INSERT INTO `port_list` VALUES ('172.18.2.32', '9093', '', null, '0');
INSERT INTO `port_list` VALUES ('172.18.2.32', '9094', '', null, '0');
INSERT INTO `port_list` VALUES ('172.18.2.32', '9100', 'jetdirect', null, '0');
INSERT INTO `port_list` VALUES ('172.18.2.32', '9200', 'wap-wsp', null, '0');
INSERT INTO `port_list` VALUES ('172.18.2.32', '9300', 'vrace', null, '0');
INSERT INTO `port_list` VALUES ('172.18.2.32', '9600', 'micromuse-ncpw', null, '0');
INSERT INTO `port_list` VALUES ('172.18.1.166', '1433', 'ms-sql-s', null, '0');
INSERT INTO `port_list` VALUES ('172.18.1.166', '3389', 'ms-wbt-server', null, '0');
INSERT INTO `port_list` VALUES ('172.18.1.165', '21', 'ftp', null, '0');
INSERT INTO `port_list` VALUES ('172.18.1.165', '80', 'http', null, '0');
INSERT INTO `port_list` VALUES ('172.18.1.165', '135', 'msrpc', null, '0');
INSERT INTO `port_list` VALUES ('172.18.1.165', '139', 'netbios-ssn', null, '0');
INSERT INTO `port_list` VALUES ('172.18.1.165', '445', 'microsoft-ds', null, '0');
INSERT INTO `port_list` VALUES ('172.18.1.165', '3389', 'ms-wbt-server', null, '0');
INSERT INTO `port_list` VALUES ('172.18.1.165', '4433', 'unknown', null, '0');
INSERT INTO `port_list` VALUES ('172.18.1.165', '5985', 'wsman', null, '0');
INSERT INTO `port_list` VALUES ('172.18.1.165', '8091', '', null, '0');
INSERT INTO `port_list` VALUES ('172.18.1.165', '8092', 'unknown', null, '0');
INSERT INTO `port_list` VALUES ('172.18.1.165', '47001', '', null, '0');
INSERT INTO `port_list` VALUES ('172.18.1.165', '49664', '', null, '0');
INSERT INTO `port_list` VALUES ('172.18.1.165', '49665', '', null, '0');
INSERT INTO `port_list` VALUES ('172.18.1.165', '49666', '', null, '0');
INSERT INTO `port_list` VALUES ('172.18.1.165', '49667', '', null, '0');
INSERT INTO `port_list` VALUES ('172.18.1.165', '49668', '', null, '0');
INSERT INTO `port_list` VALUES ('172.18.1.165', '49756', '', null, '0');
INSERT INTO `port_list` VALUES ('172.18.1.165', '49766', '', null, '0');
INSERT INTO `port_list` VALUES ('172.18.1.165', '60020', 'unknown', null, '0');
INSERT INTO `port_list` VALUES ('172.21.1.63', '135', 'msrpc', null, '0');
INSERT INTO `port_list` VALUES ('172.21.1.63', '139', 'netbios-ssn', null, '0');
INSERT INTO `port_list` VALUES ('172.21.1.63', '445', 'microsoft-ds', null, '0');
INSERT INTO `port_list` VALUES ('172.21.1.63', '1433', 'ms-sql-s', null, '0');
INSERT INTO `port_list` VALUES ('172.21.1.63', '3389', 'ms-wbt-server', null, '0');
INSERT INTO `port_list` VALUES ('172.21.1.63', '5985', 'wsman', null, '0');
INSERT INTO `port_list` VALUES ('172.21.1.63', '47001', '', null, '0');
INSERT INTO `port_list` VALUES ('172.21.1.63', '49664', '', null, '0');
INSERT INTO `port_list` VALUES ('172.21.1.63', '49665', '', null, '0');
INSERT INTO `port_list` VALUES ('172.21.1.63', '49666', '', null, '0');
INSERT INTO `port_list` VALUES ('172.21.1.63', '49667', '', null, '0');
INSERT INTO `port_list` VALUES ('172.21.1.63', '49668', '', null, '0');
INSERT INTO `port_list` VALUES ('172.21.1.63', '49670', '', null, '0');
INSERT INTO `port_list` VALUES ('172.21.1.63', '49673', '', null, '0');
INSERT INTO `port_list` VALUES ('172.21.1.63', '60020', 'unknown', null, '0');
INSERT INTO `port_list` VALUES ('10.99.3.230', '80', 'http', null, '0');
INSERT INTO `port_list` VALUES ('10.99.3.230', '443', 'https', null, '0');
INSERT INTO `port_list` VALUES ('10.99.3.230', '655', 'tinc', null, '0');
INSERT INTO `port_list` VALUES ('10.99.3.230', '1947', 'sentinelsrm', null, '0');
INSERT INTO `port_list` VALUES ('10.99.3.230', '5682', '', null, '0');
INSERT INTO `port_list` VALUES ('10.99.3.230', '6001', 'X11:1', null, '0');
INSERT INTO `port_list` VALUES ('10.99.3.230', '6006', 'X11:6', null, '0');
INSERT INTO `port_list` VALUES ('10.99.3.230', '6010', 'x11', null, '0');
INSERT INTO `port_list` VALUES ('10.99.3.230', '6011', '', null, '0');
INSERT INTO `port_list` VALUES ('10.99.3.230', '6020', '', null, '0');
INSERT INTO `port_list` VALUES ('10.99.3.230', '6021', 'x11', null, '0');
INSERT INTO `port_list` VALUES ('10.99.3.230', '6022', '', null, '0');
INSERT INTO `port_list` VALUES ('10.99.3.230', '6026', '', null, '0');
INSERT INTO `port_list` VALUES ('10.99.3.230', '6027', '', null, '0');
INSERT INTO `port_list` VALUES ('10.99.3.230', '6030', 'x11', null, '0');
INSERT INTO `port_list` VALUES ('10.99.3.230', '6031', '', null, '0');
INSERT INTO `port_list` VALUES ('10.99.3.230', '6032', '', null, '0');
INSERT INTO `port_list` VALUES ('10.99.3.230', '6033', '', null, '0');
INSERT INTO `port_list` VALUES ('10.99.3.230', '6034', '', null, '0');
INSERT INTO `port_list` VALUES ('10.99.3.230', '6035', '', null, '0');
INSERT INTO `port_list` VALUES ('10.99.3.230', '6036', '', null, '0');
INSERT INTO `port_list` VALUES ('10.99.3.230', '6037', '', null, '0');
INSERT INTO `port_list` VALUES ('10.99.3.230', '6038', '', null, '0');
INSERT INTO `port_list` VALUES ('10.99.3.230', '6039', '', null, '0');
INSERT INTO `port_list` VALUES ('10.99.3.230', '6040', '', null, '0');
INSERT INTO `port_list` VALUES ('10.99.3.230', '6041', '', null, '0');
INSERT INTO `port_list` VALUES ('10.99.3.230', '6042', '', null, '0');
INSERT INTO `port_list` VALUES ('10.99.3.230', '6044', '', null, '0');
INSERT INTO `port_list` VALUES ('10.99.3.230', '6045', '', null, '0');
INSERT INTO `port_list` VALUES ('10.99.3.230', '6046', '', null, '0');
INSERT INTO `port_list` VALUES ('10.99.3.230', '6047', '', null, '0');
INSERT INTO `port_list` VALUES ('10.99.3.230', '6048', '', null, '0');
INSERT INTO `port_list` VALUES ('10.99.3.230', '6050', 'arcserve', null, '0');
INSERT INTO `port_list` VALUES ('10.99.3.230', '6051', 'x11', null, '0');
INSERT INTO `port_list` VALUES ('10.99.3.230', '6052', 'x11', null, '0');
INSERT INTO `port_list` VALUES ('10.99.3.230', '6054', '', null, '0');
INSERT INTO `port_list` VALUES ('10.99.3.230', '6055', 'x11', null, '0');
INSERT INTO `port_list` VALUES ('10.99.3.230', '6060', 'x11', null, '0');
INSERT INTO `port_list` VALUES ('10.99.3.230', '6063', 'x11', null, '0');
INSERT INTO `port_list` VALUES ('10.99.3.230', '6064', '', null, '0');
INSERT INTO `port_list` VALUES ('10.99.3.230', '6080', '', null, '0');
INSERT INTO `port_list` VALUES ('10.99.3.230', '6096', '', null, '0');
INSERT INTO `port_list` VALUES ('10.99.3.230', '6099', '', null, '0');
INSERT INTO `port_list` VALUES ('10.99.3.230', '6111', 'spc', null, '0');
INSERT INTO `port_list` VALUES ('10.99.3.230', '6112', 'dtspc', null, '0');
INSERT INTO `port_list` VALUES ('10.99.3.230', '6113', 'dayliteserver', null, '0');
INSERT INTO `port_list` VALUES ('10.99.3.230', '6114', '', null, '0');
INSERT INTO `port_list` VALUES ('10.99.3.230', '6120', 'unknown', null, '0');
INSERT INTO `port_list` VALUES ('10.99.3.230', '6143', 'watershed-lm', null, '0');
INSERT INTO `port_list` VALUES ('10.99.3.230', '6144', '', null, '0');
INSERT INTO `port_list` VALUES ('10.99.3.230', '6145', 'statsci2-lm', null, '0');
INSERT INTO `port_list` VALUES ('10.99.3.230', '6146', 'lonewolf-lm', null, '0');
INSERT INTO `port_list` VALUES ('10.99.3.230', '6201', '', null, '0');
INSERT INTO `port_list` VALUES ('10.99.3.230', '6300', '', null, '0');
INSERT INTO `port_list` VALUES ('10.99.3.230', '6304', '', null, '0');
INSERT INTO `port_list` VALUES ('10.99.3.230', '6506', '', null, '0');
INSERT INTO `port_list` VALUES ('10.99.3.230', '6720', '', null, '0');
INSERT INTO `port_list` VALUES ('10.99.3.230', '7000', 'afs3-fileserver', null, '0');
INSERT INTO `port_list` VALUES ('10.99.3.230', '7001', 'afs3-callback', null, '0');
INSERT INTO `port_list` VALUES ('10.99.3.230', '7002', 'afs3-prserver', null, '0');
INSERT INTO `port_list` VALUES ('10.99.3.230', '7003', 'afs3-vlserver', null, '0');
INSERT INTO `port_list` VALUES ('10.99.3.230', '7018', '', null, '0');
INSERT INTO `port_list` VALUES ('10.99.3.230', '7019', 'unknown', null, '0');
INSERT INTO `port_list` VALUES ('10.99.3.230', '7032', '', null, '0');
INSERT INTO `port_list` VALUES ('10.99.3.230', '7092', 'unknown', null, '0');
INSERT INTO `port_list` VALUES ('10.99.3.230', '7262', '', null, '0');
INSERT INTO `port_list` VALUES ('10.99.3.230', '7302', '', null, '0');
INSERT INTO `port_list` VALUES ('10.99.3.230', '7303', '', null, '0');
INSERT INTO `port_list` VALUES ('10.99.3.230', '7307', '', null, '0');
INSERT INTO `port_list` VALUES ('10.99.3.230', '7314', '', null, '0');
INSERT INTO `port_list` VALUES ('10.99.3.230', '8001', 'vcom-tunnel', null, '0');
INSERT INTO `port_list` VALUES ('10.99.3.230', '8010', 'xmpp', null, '0');
INSERT INTO `port_list` VALUES ('10.99.3.230', '8011', 'unknown', null, '0');
INSERT INTO `port_list` VALUES ('10.99.3.230', '8028', '', null, '0');
INSERT INTO `port_list` VALUES ('10.99.3.230', '8030', '', null, '0');
INSERT INTO `port_list` VALUES ('10.99.3.230', '8060', 'unknown', null, '0');
INSERT INTO `port_list` VALUES ('10.99.3.230', '8062', '', null, '0');
INSERT INTO `port_list` VALUES ('10.99.3.230', '8068', '', null, '0');
INSERT INTO `port_list` VALUES ('10.99.3.230', '8080', 'http-proxy', null, '0');
INSERT INTO `port_list` VALUES ('10.99.3.230', '8081', 'blackice-icecap', null, '0');
INSERT INTO `port_list` VALUES ('10.99.3.230', '8082', 'blackice-alerts', null, '0');
INSERT INTO `port_list` VALUES ('10.99.3.230', '8159', '', null, '0');
INSERT INTO `port_list` VALUES ('10.99.3.230', '8173', '', null, '0');
INSERT INTO `port_list` VALUES ('10.99.3.230', '8196', '', null, '0');
INSERT INTO `port_list` VALUES ('10.99.3.230', '8257', '', null, '0');
INSERT INTO `port_list` VALUES ('10.99.3.230', '8288', '', null, '0');
INSERT INTO `port_list` VALUES ('10.99.3.230', '8300', 'tmi', null, '0');
INSERT INTO `port_list` VALUES ('10.99.3.230', '8301', '', null, '0');
INSERT INTO `port_list` VALUES ('10.99.3.230', '8302', '', null, '0');
INSERT INTO `port_list` VALUES ('10.99.3.230', '8355', '', null, '0');
INSERT INTO `port_list` VALUES ('10.99.3.230', '8356', '', null, '0');
INSERT INTO `port_list` VALUES ('10.99.3.230', '8372', '', null, '0');
INSERT INTO `port_list` VALUES ('10.99.3.230', '8374', '', null, '0');
INSERT INTO `port_list` VALUES ('10.99.3.230', '8375', '', null, '0');
INSERT INTO `port_list` VALUES ('10.99.3.230', '8376', '', null, '0');
INSERT INTO `port_list` VALUES ('10.99.3.230', '8378', '', null, '0');
INSERT INTO `port_list` VALUES ('10.99.3.230', '8380', '', null, '0');
INSERT INTO `port_list` VALUES ('10.99.3.230', '8422', '', null, '0');
INSERT INTO `port_list` VALUES ('10.99.3.230', '8456', '', null, '0');
INSERT INTO `port_list` VALUES ('10.99.3.230', '8490', '', null, '0');
INSERT INTO `port_list` VALUES ('10.99.3.230', '8601', 'unknown', null, '0');
INSERT INTO `port_list` VALUES ('10.99.3.230', '8602', '', null, '0');
INSERT INTO `port_list` VALUES ('10.99.3.230', '8603', '', null, '0');
INSERT INTO `port_list` VALUES ('10.99.3.230', '8604', '', null, '0');
INSERT INTO `port_list` VALUES ('10.99.3.230', '8824', '', null, '0');
INSERT INTO `port_list` VALUES ('10.99.3.230', '8857', '', null, '0');
INSERT INTO `port_list` VALUES ('10.99.3.230', '9000', 'cslistener', null, '0');
INSERT INTO `port_list` VALUES ('10.99.3.230', '9012', '', null, '0');
INSERT INTO `port_list` VALUES ('10.99.3.230', '9013', 'unknown', null, '0');
INSERT INTO `port_list` VALUES ('10.99.3.230', '9014', '', null, '0');
INSERT INTO `port_list` VALUES ('10.99.3.230', '9016', '', null, '0');
INSERT INTO `port_list` VALUES ('10.99.3.230', '9017', '', null, '0');
INSERT INTO `port_list` VALUES ('10.99.3.230', '9018', '', null, '0');
INSERT INTO `port_list` VALUES ('10.99.3.230', '9091', 'xmltec-xmlmail', null, '0');
INSERT INTO `port_list` VALUES ('10.99.3.230', '9164', '', null, '0');
INSERT INTO `port_list` VALUES ('10.99.3.230', '9174', '', null, '0');
INSERT INTO `port_list` VALUES ('10.99.3.230', '9221', '', null, '0');
INSERT INTO `port_list` VALUES ('10.99.3.230', '9222', '', null, '0');
INSERT INTO `port_list` VALUES ('10.99.3.230', '9289', '', null, '0');
INSERT INTO `port_list` VALUES ('10.99.3.230', '9297', '', null, '0');
INSERT INTO `port_list` VALUES ('10.99.3.230', '9302', '', null, '0');
INSERT INTO `port_list` VALUES ('10.99.3.230', '9304', '', null, '0');
INSERT INTO `port_list` VALUES ('10.99.3.230', '9305', '', null, '0');
INSERT INTO `port_list` VALUES ('10.99.3.230', '9307', '', null, '0');
INSERT INTO `port_list` VALUES ('10.99.3.230', '9308', '', null, '0');
INSERT INTO `port_list` VALUES ('10.99.3.230', '9309', '', null, '0');
INSERT INTO `port_list` VALUES ('10.99.3.230', '9312', '', null, '0');
INSERT INTO `port_list` VALUES ('10.99.3.230', '9316', '', null, '0');
INSERT INTO `port_list` VALUES ('10.99.3.230', '9412', '', null, '0');
INSERT INTO `port_list` VALUES ('10.99.3.230', '9751', '', null, '0');
INSERT INTO `port_list` VALUES ('10.99.3.230', '9752', '', null, '0');
INSERT INTO `port_list` VALUES ('10.99.3.230', '9754', '', null, '0');
INSERT INTO `port_list` VALUES ('10.99.3.230', '9757', '', null, '0');
INSERT INTO `port_list` VALUES ('10.99.3.230', '9910', 'unknown', null, '0');
INSERT INTO `port_list` VALUES ('10.99.3.230', '15001', 'unknown', null, '0');
INSERT INTO `port_list` VALUES ('10.99.3.230', '18001', '', null, '0');
INSERT INTO `port_list` VALUES ('10.99.3.230', '18002', '', null, '0');
INSERT INTO `port_list` VALUES ('10.99.3.230', '24499', '', null, '0');
INSERT INTO `port_list` VALUES ('10.99.3.230', '42320', '', null, '0');
INSERT INTO `port_list` VALUES ('10.99.3.230', '55555', 'unknown', null, '0');
INSERT INTO `port_list` VALUES ('172.21.1.60', '22', 'ssh', null, '0');
INSERT INTO `port_list` VALUES ('172.21.1.60', '5550', 'sdadmind', null, '0');
INSERT INTO `port_list` VALUES ('172.21.1.60', '5763', '', null, '0');
INSERT INTO `port_list` VALUES ('172.21.1.60', '8088', 'radan-http', null, '0');
INSERT INTO `port_list` VALUES ('172.21.1.60', '9997', '', null, '0');
INSERT INTO `port_list` VALUES ('172.21.1.60', '9999', 'abyss', null, '0');
INSERT INTO `port_list` VALUES ('172.21.1.60', '22278', '', null, '0');
INSERT INTO `port_list` VALUES ('172.21.1.60', '36597', '', null, '0');
INSERT INTO `port_list` VALUES ('172.21.1.60', '45450', '', null, '0');
INSERT INTO `port_list` VALUES ('172.21.1.60', '57631', '', null, '0');
INSERT INTO `port_list` VALUES ('172.21.1.60', '60020', 'unknown', null, '0');
INSERT INTO `port_list` VALUES ('172.21.1.61', '22', 'ssh', null, '0');
INSERT INTO `port_list` VALUES ('172.21.1.61', '1521', 'oracle', null, '0');
INSERT INTO `port_list` VALUES ('172.21.1.64', '80', 'http', null, '0');
INSERT INTO `port_list` VALUES ('172.21.1.64', '81', 'hosts2-ns', null, '0');
INSERT INTO `port_list` VALUES ('172.21.1.64', '82', 'xfer', null, '0');
INSERT INTO `port_list` VALUES ('172.21.1.64', '135', 'msrpc', null, '0');
INSERT INTO `port_list` VALUES ('172.21.1.64', '139', 'netbios-ssn', null, '0');
INSERT INTO `port_list` VALUES ('172.21.1.64', '445', 'microsoft-ds', null, '0');
INSERT INTO `port_list` VALUES ('172.21.1.64', '3389', 'ms-wbt-server', null, '0');
INSERT INTO `port_list` VALUES ('172.21.1.64', '4433', 'unknown', null, '0');
INSERT INTO `port_list` VALUES ('172.21.1.64', '5985', 'wsman', null, '0');
INSERT INTO `port_list` VALUES ('172.21.1.64', '47001', '', null, '0');
INSERT INTO `port_list` VALUES ('172.21.1.64', '49664', '', null, '0');
INSERT INTO `port_list` VALUES ('172.21.1.64', '49665', '', null, '0');
INSERT INTO `port_list` VALUES ('172.21.1.64', '49666', '', null, '0');
INSERT INTO `port_list` VALUES ('172.21.1.64', '49667', '', null, '0');
INSERT INTO `port_list` VALUES ('172.21.1.64', '49668', '', null, '0');
INSERT INTO `port_list` VALUES ('172.21.1.64', '49669', '', null, '0');
INSERT INTO `port_list` VALUES ('172.21.1.64', '49670', '', null, '0');
INSERT INTO `port_list` VALUES ('172.21.1.65', '135', 'msrpc', null, '0');
INSERT INTO `port_list` VALUES ('172.21.1.65', '139', 'netbios-ssn', null, '0');
INSERT INTO `port_list` VALUES ('172.21.1.65', '445', 'microsoft-ds', null, '0');
INSERT INTO `port_list` VALUES ('172.21.1.65', '1433', 'ms-sql-s', null, '0');
INSERT INTO `port_list` VALUES ('172.21.1.65', '3389', 'ms-wbt-server', null, '0');
INSERT INTO `port_list` VALUES ('172.21.1.65', '5985', 'wsman', null, '0');
INSERT INTO `port_list` VALUES ('172.21.1.65', '27017', '', null, '0');
INSERT INTO `port_list` VALUES ('172.21.1.65', '47001', '', null, '0');
INSERT INTO `port_list` VALUES ('172.21.1.65', '49152', 'unknown', null, '0');
INSERT INTO `port_list` VALUES ('172.21.1.65', '49153', 'unknown', null, '0');
INSERT INTO `port_list` VALUES ('172.21.1.65', '49154', 'unknown', null, '0');
INSERT INTO `port_list` VALUES ('172.21.1.65', '49664', '', null, '0');
INSERT INTO `port_list` VALUES ('172.21.1.65', '49665', '', null, '0');
INSERT INTO `port_list` VALUES ('172.21.1.65', '49666', '', null, '0');
INSERT INTO `port_list` VALUES ('172.21.1.65', '49667', '', null, '0');
INSERT INTO `port_list` VALUES ('172.21.1.65', '49668', '', null, '0');
INSERT INTO `port_list` VALUES ('172.21.1.65', '49669', '', null, '0');
INSERT INTO `port_list` VALUES ('172.21.1.65', '49672', '', null, '0');
INSERT INTO `port_list` VALUES ('172.18.1.8', '135', 'msrpc', null, '0');
INSERT INTO `port_list` VALUES ('172.18.1.8', '1433', 'ms-sql-s', null, '0');
INSERT INTO `port_list` VALUES ('172.18.1.8', '1556', 'veritas_pbx', null, '0');
INSERT INTO `port_list` VALUES ('172.18.1.8', '3389', 'ms-wbt-server', null, '0');
INSERT INTO `port_list` VALUES ('172.18.1.8', '5985', 'wsman', null, '0');
INSERT INTO `port_list` VALUES ('172.18.1.8', '13724', 'vnetd', null, '0');
INSERT INTO `port_list` VALUES ('172.18.1.8', '13782', 'netbackup', null, '0');
INSERT INTO `port_list` VALUES ('172.18.1.8', '49154', 'unknown', null, '0');
INSERT INTO `port_list` VALUES ('172.18.1.11', '135', 'msrpc', null, '0');
INSERT INTO `port_list` VALUES ('172.18.1.11', '139', 'netbios-ssn', null, '0');
INSERT INTO `port_list` VALUES ('172.18.1.11', '445', 'microsoft-ds', null, '0');
INSERT INTO `port_list` VALUES ('172.18.1.11', '843', 'unknown', null, '0');
INSERT INTO `port_list` VALUES ('172.18.1.11', '1025', 'NFS-or-IIS', null, '0');
INSERT INTO `port_list` VALUES ('172.18.1.11', '1026', 'LSA-or-nterm', null, '0');
INSERT INTO `port_list` VALUES ('172.18.1.11', '1027', 'IIS', null, '0');
INSERT INTO `port_list` VALUES ('172.18.1.11', '1028', 'unknown', null, '0');
INSERT INTO `port_list` VALUES ('172.18.1.11', '1030', 'iad1', null, '0');
INSERT INTO `port_list` VALUES ('172.18.1.11', '1031', 'iad2', null, '0');
INSERT INTO `port_list` VALUES ('172.18.1.11', '1032', 'iad3', null, '0');
INSERT INTO `port_list` VALUES ('172.18.1.11', '1042', 'afrog', null, '0');
INSERT INTO `port_list` VALUES ('172.18.1.11', '1898', '', null, '0');
INSERT INTO `port_list` VALUES ('172.18.1.11', '2061', '', null, '0');
INSERT INTO `port_list` VALUES ('172.18.1.11', '2209', '', null, '0');
INSERT INTO `port_list` VALUES ('172.18.1.11', '2451', '', null, '0');
INSERT INTO `port_list` VALUES ('172.18.1.11', '3389', 'ms-wbt-server', null, '0');
INSERT INTO `port_list` VALUES ('172.18.1.11', '4546', '', null, '0');
INSERT INTO `port_list` VALUES ('172.18.1.11', '5001', 'commplex-link', null, '0');
INSERT INTO `port_list` VALUES ('172.18.1.11', '5985', 'wsman', null, '0');
INSERT INTO `port_list` VALUES ('172.18.1.11', '6888', 'muse', null, '0');
INSERT INTO `port_list` VALUES ('172.18.1.11', '6890', '', null, '0');
INSERT INTO `port_list` VALUES ('172.18.1.11', '6892', '', null, '0');
INSERT INTO `port_list` VALUES ('172.18.1.11', '10009', 'swdtp-sv', null, '0');
INSERT INTO `port_list` VALUES ('172.18.1.11', '10027', '', null, '0');
INSERT INTO `port_list` VALUES ('172.18.1.11', '10028', '', null, '0');
INSERT INTO `port_list` VALUES ('172.18.1.11', '10029', '', null, '0');
INSERT INTO `port_list` VALUES ('172.18.1.11', '10060', '', null, '0');
INSERT INTO `port_list` VALUES ('172.18.1.11', '10061', '', null, '0');
INSERT INTO `port_list` VALUES ('172.18.1.11', '10688', '', null, '0');
INSERT INTO `port_list` VALUES ('172.18.1.11', '11011', '', null, '0');
INSERT INTO `port_list` VALUES ('172.18.1.11', '11027', '', null, '0');
INSERT INTO `port_list` VALUES ('172.18.1.11', '11028', '', null, '0');
INSERT INTO `port_list` VALUES ('172.18.1.11', '11029', '', null, '0');
INSERT INTO `port_list` VALUES ('172.18.1.11', '11034', '', null, '0');
INSERT INTO `port_list` VALUES ('172.18.1.11', '11035', '', null, '0');
INSERT INTO `port_list` VALUES ('172.18.1.11', '11036', '', null, '0');
INSERT INTO `port_list` VALUES ('172.18.1.11', '11997', '', null, '0');
INSERT INTO `port_list` VALUES ('172.18.1.11', '11999', '', null, '0');
INSERT INTO `port_list` VALUES ('172.18.1.11', '47001', '', null, '0');
INSERT INTO `port_list` VALUES ('172.18.1.11', '60020', 'unknown', null, '0');
INSERT INTO `port_list` VALUES ('172.18.197.201', '135', 'msrpc', null, '0');
INSERT INTO `port_list` VALUES ('172.18.197.201', '139', 'netbios-ssn', null, '0');
INSERT INTO `port_list` VALUES ('172.18.197.201', '445', 'microsoft-ds', null, '0');
INSERT INTO `port_list` VALUES ('172.18.197.201', '3389', 'ms-wbt-server', null, '0');
INSERT INTO `port_list` VALUES ('172.18.197.201', '5040', 'unknown', null, '0');
INSERT INTO `port_list` VALUES ('172.18.197.201', '5357', 'wsdapi', null, '0');
INSERT INTO `port_list` VALUES ('172.18.197.201', '7680', '', null, '1');
INSERT INTO `port_list` VALUES ('172.18.197.201', '49664', '', null, '0');
INSERT INTO `port_list` VALUES ('172.18.197.201', '49665', '', null, '0');
INSERT INTO `port_list` VALUES ('172.18.197.201', '49666', '', null, '0');
INSERT INTO `port_list` VALUES ('172.18.197.201', '49667', '', null, '0');
INSERT INTO `port_list` VALUES ('172.18.197.201', '49668', '', null, '0');
INSERT INTO `port_list` VALUES ('172.18.197.201', '49669', '', null, '0');
INSERT INTO `port_list` VALUES ('172.18.197.201', '49671', '', null, '0');
INSERT INTO `port_list` VALUES ('172.18.197.201', '49677', '', null, '0');
INSERT INTO `port_list` VALUES ('172.18.197.202', '135', 'msrpc', null, '0');
INSERT INTO `port_list` VALUES ('172.18.197.202', '139', 'netbios-ssn', null, '0');
INSERT INTO `port_list` VALUES ('172.18.197.202', '445', 'microsoft-ds', null, '0');
INSERT INTO `port_list` VALUES ('172.18.197.202', '3389', 'ms-wbt-server', null, '0');
INSERT INTO `port_list` VALUES ('172.18.197.202', '5040', 'unknown', null, '0');
INSERT INTO `port_list` VALUES ('172.18.197.202', '5357', 'wsdapi', null, '0');
INSERT INTO `port_list` VALUES ('172.18.197.202', '49664', '', null, '0');
INSERT INTO `port_list` VALUES ('172.18.197.202', '49665', '', null, '0');
INSERT INTO `port_list` VALUES ('172.18.197.202', '49666', '', null, '0');
INSERT INTO `port_list` VALUES ('172.18.197.202', '49667', '', null, '0');
INSERT INTO `port_list` VALUES ('172.18.197.202', '49668', '', null, '0');
INSERT INTO `port_list` VALUES ('172.18.197.202', '49669', '', null, '0');
INSERT INTO `port_list` VALUES ('172.18.197.202', '49675', '', null, '0');
INSERT INTO `port_list` VALUES ('172.18.197.202', '49682', '', null, '0');
INSERT INTO `port_list` VALUES ('172.18.197.204', '135', 'msrpc', null, '0');
INSERT INTO `port_list` VALUES ('172.18.197.204', '139', 'netbios-ssn', null, '0');
INSERT INTO `port_list` VALUES ('172.18.197.204', '445', 'microsoft-ds', null, '0');
INSERT INTO `port_list` VALUES ('172.18.197.204', '3389', 'ms-wbt-server', null, '0');
INSERT INTO `port_list` VALUES ('172.18.197.204', '5040', 'unknown', null, '0');
INSERT INTO `port_list` VALUES ('172.18.197.204', '5357', 'wsdapi', null, '0');
INSERT INTO `port_list` VALUES ('172.18.197.204', '49664', '', null, '0');
INSERT INTO `port_list` VALUES ('172.18.197.204', '49665', '', null, '0');
INSERT INTO `port_list` VALUES ('172.18.197.204', '49666', '', null, '0');
INSERT INTO `port_list` VALUES ('172.18.197.204', '49667', '', null, '0');
INSERT INTO `port_list` VALUES ('172.18.197.204', '49668', '', null, '0');
INSERT INTO `port_list` VALUES ('172.18.197.204', '49669', '', null, '0');
INSERT INTO `port_list` VALUES ('172.18.197.204', '49672', '', null, '0');
INSERT INTO `port_list` VALUES ('172.18.197.204', '49679', '', null, '0');
INSERT INTO `port_list` VALUES ('172.18.197.205', '135', 'msrpc', null, '0');
INSERT INTO `port_list` VALUES ('172.18.197.205', '139', 'netbios-ssn', null, '0');
INSERT INTO `port_list` VALUES ('172.18.197.205', '445', 'microsoft-ds', null, '0');
INSERT INTO `port_list` VALUES ('172.18.197.205', '3389', 'ms-wbt-server', null, '0');
INSERT INTO `port_list` VALUES ('172.18.197.205', '5040', 'unknown', null, '0');
INSERT INTO `port_list` VALUES ('172.18.197.205', '5357', 'wsdapi', null, '0');
INSERT INTO `port_list` VALUES ('172.18.197.205', '49664', '', null, '0');
INSERT INTO `port_list` VALUES ('172.18.197.205', '49665', '', null, '0');
INSERT INTO `port_list` VALUES ('172.18.197.205', '49666', '', null, '0');
INSERT INTO `port_list` VALUES ('172.18.197.205', '49667', '', null, '0');
INSERT INTO `port_list` VALUES ('172.18.197.205', '49668', '', null, '0');
INSERT INTO `port_list` VALUES ('172.18.197.205', '49669', '', null, '0');
INSERT INTO `port_list` VALUES ('172.18.197.205', '49675', '', null, '0');
INSERT INTO `port_list` VALUES ('172.18.197.205', '49677', '', null, '0');

-- ----------------------------
-- Table structure for scan_list
-- ----------------------------
DROP TABLE IF EXISTS `scan_list`;
CREATE TABLE `scan_list` (
  `ip` varchar(255) NOT NULL,
  PRIMARY KEY (`ip`)
) ENGINE=InnoDB DEFAULT CHARSET=utf8 COMMENT='扫描的ip列表，定期扫描全新导入';

-- ----------------------------
-- Records of scan_list
-- ----------------------------
INSERT INTO `scan_list` VALUES ('172.18.0.1');
INSERT INTO `scan_list` VALUES ('172.18.1.1');
INSERT INTO `scan_list` VALUES ('172.18.1.10');
INSERT INTO `scan_list` VALUES ('172.18.1.11');
INSERT INTO `scan_list` VALUES ('172.18.1.12');
INSERT INTO `scan_list` VALUES ('172.18.1.132');
INSERT INTO `scan_list` VALUES ('172.18.1.133');
INSERT INTO `scan_list` VALUES ('172.18.1.134');
INSERT INTO `scan_list` VALUES ('172.18.1.135');
INSERT INTO `scan_list` VALUES ('172.18.1.136');
INSERT INTO `scan_list` VALUES ('172.18.1.137');
INSERT INTO `scan_list` VALUES ('172.18.1.138');
INSERT INTO `scan_list` VALUES ('172.18.1.139');
INSERT INTO `scan_list` VALUES ('172.18.1.140');
INSERT INTO `scan_list` VALUES ('172.18.1.141');
INSERT INTO `scan_list` VALUES ('172.18.1.142');
INSERT INTO `scan_list` VALUES ('172.18.1.143');
INSERT INTO `scan_list` VALUES ('172.18.1.147');
INSERT INTO `scan_list` VALUES ('172.18.1.148');
INSERT INTO `scan_list` VALUES ('172.18.1.151');
INSERT INTO `scan_list` VALUES ('172.18.1.152');
INSERT INTO `scan_list` VALUES ('172.18.1.153');
INSERT INTO `scan_list` VALUES ('172.18.1.154');
INSERT INTO `scan_list` VALUES ('172.18.1.165');
INSERT INTO `scan_list` VALUES ('172.18.1.17');
INSERT INTO `scan_list` VALUES ('172.18.1.183');
INSERT INTO `scan_list` VALUES ('172.18.1.187');
INSERT INTO `scan_list` VALUES ('172.18.1.189');
INSERT INTO `scan_list` VALUES ('172.18.1.190');
INSERT INTO `scan_list` VALUES ('172.18.1.191');
INSERT INTO `scan_list` VALUES ('172.18.1.192');
INSERT INTO `scan_list` VALUES ('172.18.1.193');
INSERT INTO `scan_list` VALUES ('172.18.1.195');
INSERT INTO `scan_list` VALUES ('172.18.1.196');
INSERT INTO `scan_list` VALUES ('172.18.1.20');
INSERT INTO `scan_list` VALUES ('172.18.1.200');
INSERT INTO `scan_list` VALUES ('172.18.1.203');
INSERT INTO `scan_list` VALUES ('172.18.1.204');
INSERT INTO `scan_list` VALUES ('172.18.1.207');
INSERT INTO `scan_list` VALUES ('172.18.1.208');
INSERT INTO `scan_list` VALUES ('172.18.1.21');
INSERT INTO `scan_list` VALUES ('172.18.1.211');
INSERT INTO `scan_list` VALUES ('172.18.1.212');
INSERT INTO `scan_list` VALUES ('172.18.1.216');
INSERT INTO `scan_list` VALUES ('172.18.1.217');
INSERT INTO `scan_list` VALUES ('172.18.1.23');
INSERT INTO `scan_list` VALUES ('172.18.1.24');
INSERT INTO `scan_list` VALUES ('172.18.1.6');
INSERT INTO `scan_list` VALUES ('172.18.1.60');
INSERT INTO `scan_list` VALUES ('172.18.1.61');
INSERT INTO `scan_list` VALUES ('172.18.1.64');
INSERT INTO `scan_list` VALUES ('172.18.1.65');
INSERT INTO `scan_list` VALUES ('172.18.1.68');
INSERT INTO `scan_list` VALUES ('172.18.1.71');
INSERT INTO `scan_list` VALUES ('172.18.1.72');
INSERT INTO `scan_list` VALUES ('172.18.1.74');
INSERT INTO `scan_list` VALUES ('172.18.1.76');
INSERT INTO `scan_list` VALUES ('172.18.1.77');
INSERT INTO `scan_list` VALUES ('172.18.1.78');
INSERT INTO `scan_list` VALUES ('172.18.1.8');
INSERT INTO `scan_list` VALUES ('172.18.1.80');
INSERT INTO `scan_list` VALUES ('172.18.1.82');
INSERT INTO `scan_list` VALUES ('172.18.1.83');
INSERT INTO `scan_list` VALUES ('172.18.1.84');
INSERT INTO `scan_list` VALUES ('172.18.1.85');
INSERT INTO `scan_list` VALUES ('172.18.1.98');
INSERT INTO `scan_list` VALUES ('172.18.1.99');
INSERT INTO `scan_list` VALUES ('172.18.2.1');
INSERT INTO `scan_list` VALUES ('172.18.2.10');
INSERT INTO `scan_list` VALUES ('172.18.2.11');
INSERT INTO `scan_list` VALUES ('172.18.2.12');
INSERT INTO `scan_list` VALUES ('172.18.2.13');
INSERT INTO `scan_list` VALUES ('172.18.2.14');
INSERT INTO `scan_list` VALUES ('172.18.2.15');
INSERT INTO `scan_list` VALUES ('172.18.2.16');
INSERT INTO `scan_list` VALUES ('172.18.2.17');
INSERT INTO `scan_list` VALUES ('172.18.2.18');
INSERT INTO `scan_list` VALUES ('172.18.2.19');
INSERT INTO `scan_list` VALUES ('172.18.2.20');
INSERT INTO `scan_list` VALUES ('172.18.2.21');
INSERT INTO `scan_list` VALUES ('172.18.2.22');
INSERT INTO `scan_list` VALUES ('172.18.2.23');
INSERT INTO `scan_list` VALUES ('172.18.2.24');
INSERT INTO `scan_list` VALUES ('172.18.2.25');
INSERT INTO `scan_list` VALUES ('172.18.2.26');
INSERT INTO `scan_list` VALUES ('172.18.2.27');
INSERT INTO `scan_list` VALUES ('172.18.2.28');
INSERT INTO `scan_list` VALUES ('172.18.2.29');
INSERT INTO `scan_list` VALUES ('172.18.2.30');
INSERT INTO `scan_list` VALUES ('172.18.2.31');
INSERT INTO `scan_list` VALUES ('172.18.2.32');
INSERT INTO `scan_list` VALUES ('172.18.5.1');
INSERT INTO `scan_list` VALUES ('172.18.5.13');
INSERT INTO `scan_list` VALUES ('172.18.5.15');
INSERT INTO `scan_list` VALUES ('172.18.5.16');
INSERT INTO `scan_list` VALUES ('172.18.7.1');
INSERT INTO `scan_list` VALUES ('172.21.0.1');

-- ----------------------------
-- Table structure for server_list
-- ----------------------------
DROP TABLE IF EXISTS `server_list`;
CREATE TABLE `server_list` (
  `ip` varchar(100) NOT NULL,
  `domain` varchar(255) DEFAULT NULL,
  `remark` varchar(255) DEFAULT NULL,
  PRIMARY KEY (`ip`)
) ENGINE=InnoDB DEFAULT CHARSET=utf8 COMMENT='所有服务器ip和服务名称列表';

-- ----------------------------
-- Records of server_list
-- ----------------------------
INSERT INTO `server_list` VALUES ('10.99.3.230', null, '海康系统');
INSERT INTO `server_list` VALUES ('10.99.4.35', null, '会议预约系统');
INSERT INTO `server_list` VALUES ('10.99.4.36', null, '总部大楼照明系统');
INSERT INTO `server_list` VALUES ('10.99.4.41', null, '总部大楼系统平台');
INSERT INTO `server_list` VALUES ('10.99.4.42', null, '总部大楼系统平台');
INSERT INTO `server_list` VALUES ('134.175.26.171', 'songming.gdblue.com', '嵩明垃圾分类系统');
INSERT INTO `server_list` VALUES ('172.18.1.10', null, 'oa-应用');
INSERT INTO `server_list` VALUES ('172.18.1.11', null, 'eas-APPserve');
INSERT INTO `server_list` VALUES ('172.18.1.12', null, '碳积分系统');
INSERT INTO `server_list` VALUES ('172.18.1.132', null, '商情舆情全文索引1');
INSERT INTO `server_list` VALUES ('172.18.1.133', null, '商情舆情mysql数据库');
INSERT INTO `server_list` VALUES ('172.18.1.134', null, '数据加载处理分析应用');
INSERT INTO `server_list` VALUES ('172.18.1.135', null, '微服务');
INSERT INTO `server_list` VALUES ('172.18.1.136', null, '商情舆情全文索引2');
INSERT INTO `server_list` VALUES ('172.18.1.137', null, '商情舆情文件存储系统');
INSERT INTO `server_list` VALUES ('172.18.1.138', null, '商情舆情业务系统');
INSERT INTO `server_list` VALUES ('172.18.1.139', null, '商情舆情全文索引3');
INSERT INTO `server_list` VALUES ('172.18.1.140', null, '爬虫服务2');
INSERT INTO `server_list` VALUES ('172.18.1.141', null, '爬虫服务1');
INSERT INTO `server_list` VALUES ('172.18.1.142', null, '商情舆情爬虫系统4');
INSERT INTO `server_list` VALUES ('172.18.1.143', null, '商情舆情爬虫系统3');
INSERT INTO `server_list` VALUES ('172.18.1.147', null, '电子签章');
INSERT INTO `server_list` VALUES ('172.18.1.148', null, 'e签宝mysql');
INSERT INTO `server_list` VALUES ('172.18.1.151', null, '环卫通应用');
INSERT INTO `server_list` VALUES ('172.18.1.152', null, '环卫通数据库');
INSERT INTO `server_list` VALUES ('172.18.1.165', null, '档案管理系统应用');
INSERT INTO `server_list` VALUES ('172.18.1.166', null, '档案管理系统数据库DB');
INSERT INTO `server_list` VALUES ('172.18.1.17', null, 'centos7x_Faceuge_old');
INSERT INTO `server_list` VALUES ('172.18.1.182', null, '明源erp应用服务器');
INSERT INTO `server_list` VALUES ('172.18.1.183', null, '明源erp-sqlserver');
INSERT INTO `server_list` VALUES ('172.18.1.186', null, '智慧环卫文件服务器02(已关闭电源)');
INSERT INTO `server_list` VALUES ('172.18.1.187', null, '智慧环卫文件服务器01');
INSERT INTO `server_list` VALUES ('172.18.1.189', null, '智慧环卫文件服务器03');
INSERT INTO `server_list` VALUES ('172.18.1.190', null, '智慧环卫API01');
INSERT INTO `server_list` VALUES ('172.18.1.191', null, '智慧环卫应用01');
INSERT INTO `server_list` VALUES ('172.18.1.192', null, '智慧环卫应用02');
INSERT INTO `server_list` VALUES ('172.18.1.193', null, '智慧环卫应用03');
INSERT INTO `server_list` VALUES ('172.18.1.194', null, '智慧环卫应用04-已关闭电源');
INSERT INTO `server_list` VALUES ('172.18.1.195', null, '智慧环卫数据库01');
INSERT INTO `server_list` VALUES ('172.18.1.196', null, '智慧环卫数据库02');
INSERT INTO `server_list` VALUES ('172.18.1.197', null, '智慧环卫数据库03(已关闭电源)');
INSERT INTO `server_list` VALUES ('172.18.1.198', null, '智慧环卫数据库04(已关闭电源)');
INSERT INTO `server_list` VALUES ('172.18.1.199', null, '智慧环卫管理数据库01(已经销毁)');
INSERT INTO `server_list` VALUES ('172.18.1.20', null, 'FreeNAS文件服务器挂载磁盘');
INSERT INTO `server_list` VALUES ('172.18.1.200', null, 'nginx代理');
INSERT INTO `server_list` VALUES ('172.18.1.203', null, 'Faec-nginx_172.18.1.203');
INSERT INTO `server_list` VALUES ('172.18.1.204', null, '人脸识别应用01');
INSERT INTO `server_list` VALUES ('172.18.1.207', null, '人脸识别数据库');
INSERT INTO `server_list` VALUES ('172.18.1.208', null, 'Faceuge-Redis_172.18.1.208');
INSERT INTO `server_list` VALUES ('172.18.1.212', null, '人脸识别应用02');
INSERT INTO `server_list` VALUES ('172.18.1.216', null, '200的ng虚拟ip');
INSERT INTO `server_list` VALUES ('172.18.1.217', null, '200的ng虚拟ip');
INSERT INTO `server_list` VALUES ('172.18.1.23', null, 'NCC数据库');
INSERT INTO `server_list` VALUES ('172.18.1.6', null, 'oa-数据库');
INSERT INTO `server_list` VALUES ('172.18.1.60', null, 'NCC应用');
INSERT INTO `server_list` VALUES ('172.18.1.61', null, 'NCC数据库');
INSERT INTO `server_list` VALUES ('172.18.1.64', null, '财税中台应用');
INSERT INTO `server_list` VALUES ('172.18.1.65', null, '门户中台应用');
INSERT INTO `server_list` VALUES ('172.18.1.68', null, '财税中台数据库');
INSERT INTO `server_list` VALUES ('172.18.1.71', null, '人力中台应用');
INSERT INTO `server_list` VALUES ('172.18.1.72', null, '人力中台数据库');
INSERT INTO `server_list` VALUES ('172.18.1.74', null, '影像服务平台文件服务');
INSERT INTO `server_list` VALUES ('172.18.1.76', null, 'BI应用');
INSERT INTO `server_list` VALUES ('172.18.1.77', null, '项目信息库');
INSERT INTO `server_list` VALUES ('172.18.1.78', null, '门户中台数据库');
INSERT INTO `server_list` VALUES ('172.18.1.8', null, 'eas-db');
INSERT INTO `server_list` VALUES ('172.18.1.80', null, '影像服务平台数据库');
INSERT INTO `server_list` VALUES ('172.18.1.82', null, '影像服务平台应用02');
INSERT INTO `server_list` VALUES ('172.18.1.83', null, '影像服务平台应用01');
INSERT INTO `server_list` VALUES ('172.18.1.84', null, 'BI数据库');
INSERT INTO `server_list` VALUES ('172.18.1.85', null, 'BI管理平台');
INSERT INTO `server_list` VALUES ('172.18.1.98', null, '蓝科财务管控系统数据仓库');
INSERT INTO `server_list` VALUES ('172.18.1.99', null, '蓝科财务管控系统');
INSERT INTO `server_list` VALUES ('172.18.197.201', null, '财务流程PC-01');
INSERT INTO `server_list` VALUES ('172.18.197.202', null, '财务流程PC-02');
INSERT INTO `server_list` VALUES ('172.18.197.204', null, '财务流程PC-03');
INSERT INTO `server_list` VALUES ('172.18.197.205', null, '财务流程PC-04');
INSERT INTO `server_list` VALUES ('172.18.2.10', null, 'mysql数据库01主');
INSERT INTO `server_list` VALUES ('172.18.2.11', null, 'mysql数据库02从');
INSERT INTO `server_list` VALUES ('172.18.2.12', null, 'mysql数据库03从');
INSERT INTO `server_list` VALUES ('172.18.2.13', null, 'Redis服务器01主');
INSERT INTO `server_list` VALUES ('172.18.2.14', null, 'Redis服务器02从');
INSERT INTO `server_list` VALUES ('172.18.2.15', null, 'RocketMQ服务器01主');
INSERT INTO `server_list` VALUES ('172.18.2.16', null, 'RocketMQ服务器02从');
INSERT INTO `server_list` VALUES ('172.18.2.17', null, '负载均衡服务器01主');
INSERT INTO `server_list` VALUES ('172.18.2.18', null, '负载均衡服务器02从');
INSERT INTO `server_list` VALUES ('172.18.2.19', null, '负载均衡服务器03从');
INSERT INTO `server_list` VALUES ('172.18.2.20', null, 'Nacos服务器01主');
INSERT INTO `server_list` VALUES ('172.18.2.21', null, 'Nacos服务器02从');
INSERT INTO `server_list` VALUES ('172.18.2.22', null, 'Nacos服务器03从');
INSERT INTO `server_list` VALUES ('172.18.2.23', null, 'Seata服务器01主');
INSERT INTO `server_list` VALUES ('172.18.2.24', null, 'Seata服务器02从');
INSERT INTO `server_list` VALUES ('172.18.2.25', null, 'Sentinel服务器01');
INSERT INTO `server_list` VALUES ('172.18.2.26', null, 'Sentinel服务器02从');
INSERT INTO `server_list` VALUES ('172.18.2.27', null, '工作流引擎基础框架服务01主');
INSERT INTO `server_list` VALUES ('172.18.2.28', null, '工作流引擎基础框架服务02从');
INSERT INTO `server_list` VALUES ('172.18.2.29', null, '工作流引擎基础框架服务03从');
INSERT INTO `server_list` VALUES ('172.18.2.30', null, '业务服务01主');
INSERT INTO `server_list` VALUES ('172.18.2.31', null, '业务服务02从');
INSERT INTO `server_list` VALUES ('172.18.2.32', null, '运维-docker镜像服务器');
INSERT INTO `server_list` VALUES ('172.21.1.60', null, '控股-KGNC-APP01');
INSERT INTO `server_list` VALUES ('172.21.1.61', null, '控股-KGNC-DB');
INSERT INTO `server_list` VALUES ('172.21.1.62', null, '康丰ERP应用');
INSERT INTO `server_list` VALUES ('172.21.1.63', null, '康丰ERP应用DB');
INSERT INTO `server_list` VALUES ('172.21.1.64', null, '实验室LIMS系统应用');
INSERT INTO `server_list` VALUES ('172.21.1.65', null, '实验室LIMS系统DB');
INSERT INTO `server_list` VALUES ('172.22.68.104', 'product.gzqiaoyin.com', '名片系统');
INSERT INTO `server_list` VALUES ('172.22.68.105', 'product.gzqiaoyin.com', '名片系统');
INSERT INTO `server_list` VALUES ('192.168.10.214', null, 'K3业务服务器');
INSERT INTO `server_list` VALUES ('192.168.20.200', null, 'K3数据库服务器');

-- ----------------------------
-- View structure for server_all2
-- ----------------------------
DROP VIEW IF EXISTS `server_all2`;
CREATE ALGORITHM=UNDEFINED DEFINER=`root`@`%` SQL SECURITY DEFINER VIEW `server_all2` AS select `server_list`.`ip` AS `ip`,`port_list`.`port` AS `port`,`port_list`.`service` AS `service`,`server_list`.`domain` AS `domain`,`server_list`.`remark` AS `remark`,`port_list`.`stop` AS `stop` from (`server_list` left join `port_list` on((`server_list`.`ip` = `port_list`.`ip`))) ;
